title,description,type,tags,image,duration,uploaddate,warning,rating
The Soul of Flies,"A tale of two brothers who meet for the first time on the way to their father's funeral, who they never knew. A surreal journey where memory and dreams collide ensues. Spanish with English subtitles.",Show description or single item,"'Movies', 'Foreign Language', 'Comedy', 'Quirky', 'Irreverent', 'Cheeky'",https://play-images-prod-ctf.tech.tvnz.co.nz/api/v1/web/image/4nxsgPQOg8l7hCWm19N3Em/943f3acd26e048b8da243416f589d18b/TheSoulOfFlies_coverimg-min.png.943f3acd26e048b8da243416f589d18b.jpg?width=1600&height=457,No duration found,No upload date found,WARNING: Deals with the issue of self-harming.,No content rating found
Dede,A young woman living in a remote mountain village defies her family and centuries of tradition when she falls in love with the wrong man. Georgian and Svan with English subtitles.,Show description or single item,"'Drama', 'Foreign Language', 'Movies', 'Revealing', 'All the Feels'",https://play-images-prod-ctf.tech.tvnz.co.nz/api/v1/web/image/6NUhOZWbKqsUOQEZtA8GNT/e10d3e7d6c0c899f2be1c3fd1605ac69/FilmStream_Dede_coverimg.png.e10d3e7d6c0c899f2be1c3fd1605ac69.jpg?width=1600&height=457,No duration found,No upload date found,No episode warnings found,No content rating found
The Unauthorised Melrose Place Story,"Discover the drama that went on behind the cameras of the 1990s hit series, Melrose Place, from the arrival of Heather Locklear to the actors begging writers for even wilder storylines to make them fan favourites.",Show description or single item,"'Movies', 'Drama', 'Nostalgic', 'All the Feels'",https://play-images-prod-ctf.tech.tvnz.co.nz/api/v1/web/image/2QvbGPbkWHTgeYXiQlBdz1/99f9ab2d29cd0717e92eda77361687eb/Lifetime_TheUnauthorizedMelrosePlaceStory_coverimg.png.99f9ab2d29cd0717e92eda77361687eb.jpg?width=1600&height=457,No duration found,No upload date found,No episode warnings found,No content rating found
Heaven,"In the first of V.C. Andrews' Casteel family series, the siblings are torn apart when their drunkard father sends them away one by one. Eldest daughter Heaven finds both torment and solace in her new home.",Show description or single item,"'Drama', 'Movies', 'All the Feels', 'Mysterious', 'Dark'",https://play-images-prod-ctf.tech.tvnz.co.nz/api/v1/web/image/7mm9dASBpuqmAXKJz6uwm/bc80576ace7555e67afb64967e369809/Lifetime_VCAndrewsHeaven_coverimg.png.bc80576ace7555e67afb64967e369809.jpg?width=1600&height=457,No duration found,No upload date found,No episode warnings found,No content rating found
Smoke & Mirrors,The true story of a man who fooled an entire country. The spy Francisco Paesa returns to Spain after being exiled and is determined to get his revenge against the Spanish government which betrayed him. Spanish with English subtitles.,Show description or single item,"'Drama', 'Foreign Language', 'Movies', 'Thrilling', 'Mysterious'",https://play-images-prod-ctf.tech.tvnz.co.nz/api/v1/web/image/3KGVMtEG5vtt27IXFF9gSb/9235fa6c16676cb5daeffaa69f9d1956/Filmstream_SmokeandMirrors_coverimg.png.9235fa6c16676cb5daeffaa69f9d1956.jpg?width=1600&height=457,No duration found,No upload date found,No episode warnings found,No content rating found
Circle of Deception,"A small, island community is turned upside down when a local businessman is found dead, leading to an investigation that twists and turns its way through neighbours, ex-wives, and best friends. Based on Ann Rule’s true crime book Practice to Deceive.",Show description or single item,"'Drama', 'Movies', 'Mysterious', 'Thrilling', 'Psychological'",https://play-images-prod-ctf.tech.tvnz.co.nz/api/v1/web/image/5cYfqW9XaonVAWwaStZQb1/07bbe091b2ebced0bf4f88ed4c68b045/AnnRulesCircleofDeception_coverimg.png.07bbe091b2ebced0bf4f88ed4c68b045.jpg?width=1600&height=457,No duration found,No upload date found,WARNING: Deals with the issue of suicide.,No content rating found
Stolen By My Mother: The Kamiyah Mobley Story,"Based on the true story, an 18-year-old girl from Florida discovers she was abducted as a baby and grew up believing her kidnappers were her family.",Show description or single item,"'Movies', 'Drama'",https://play-images-prod-ctf.tech.tvnz.co.nz/api/v1/web/image/7HZgIC1SOGTMZcj9kHQw98/4d1cb310b21b879b0b4d7a5dae2e1c14/Lifetime_StolenByMyMother_coverimg.png.4d1cb310b21b879b0b4d7a5dae2e1c14.jpg?width=1600&height=457,No duration found,No upload date found,No episode warnings found,No content rating found
Escaping the Madhouse: The Nellie Bly Story,"Based on the true events, investigative reporter Nellie Bly (Christina Ricci) feigns mental illness in order to report from the inside of a notorious and ruthless Women's Asylum, run by Matron Grady (Judith Light).",Show description or single item,"'Drama', 'Movies', 'Dark', 'Gritty', 'Psychological'",https://play-images-prod-ctf.tech.tvnz.co.nz/api/v1/web/image/6sfYI9IngE6MxODYqvIrnV/d0bed159f9589fffbcb45100c55d0b1b/Lifetime_Escaping_The_Madhouse__The_Nellie_Bly_Story_coverimg.png.d0bed159f9589fffbcb45100c55d0b1b.jpg?width=1600&height=457,No duration found,No upload date found,No episode warnings found,No content rating found
Harry And Meghan: Escaping The Palace,"Explore what really happened inside the palace that drove Harry and Meghan to leave the Royal family behind. From tumultuous family relationships to a growing sense of isolation, the young couple fight to prevent history from repeating itself.",Show description or single item,"'Movies', 'Drama', 'Revealing', 'All the Feels'",https://play-images-prod-ctf.tech.tvnz.co.nz/api/v1/web/image/2KLqbqZZ0oHuMWhVsI8PJO/88bae4b9db7f97b541132eda0bd9f542/Lifetime_Harry_and_Meghan_Escaping_The_Palace_coverimg.png.88bae4b9db7f97b541132eda0bd9f542.jpg?width=1600&height=457,No duration found,No upload date found,No episode warnings found,No content rating found
Mammuth,Gérard Depardieu stars in this comedy drama about a retiree who is forced to go on a road-trip through France on a motorcycle to retrieve the documents he needs to obtain his rightfully due pension. French with English subtitles.,Show description or single item,"'Comedy', 'Drama', 'Foreign Language', 'Movies', 'Irreverent', 'Quirky'",https://play-images-prod-ctf.tech.tvnz.co.nz/api/v1/web/image/263pFzNNOvCokL7y0WvHfu/d9d86b5d2985235b2ba59592c7a4b537/Filmstream_Mammuth_coverimg.png.d9d86b5d2985235b2ba59592c7a4b537.jpg?width=1600&height=457,No duration found,No upload date found,No episode warnings found,No content rating found
Tasting Menu,"As one of the world's best restaurants opens for its final evening, a couple in the midst of a divorce who made their reservation before they separated reunite for a once-in-lifetime meal. Catalan with English subtitles.",Show description or single item,"'Comedy', 'Foreign Language', 'Movies', 'All the Feels', 'Witty'",https://play-images-prod-ctf.tech.tvnz.co.nz/api/v1/web/image/1e8TyPvIocrxYa6gmeGwDt/1199534070d008005e94291857c2e694/Filmstream_TastingMenu_showtile.png.1199534070d008005e94291857c2e694.jpg?width=1600&height=457,No duration found,No upload date found,No episode warnings found,No content rating found
Wrapped Up in Christmas,"Christmas is one of Heather’s (Tatyana Ali, “Fresh Prince of Bel Air”) favourite times of year but she is tasked with being a grinch and cancelling the leases of under-performing stores.",Show description or single item,"'Drama', 'Movies', 'All the Feels', 'Comforting', 'Romantic'",https://play-images-prod-ctf.tech.tvnz.co.nz/api/v1/web/image/7kAzLPYCODBODPqdgDgAVB/0c7f81ccdd4a326f2336c44ce46a0d0a/Lifetime_Wrapped_Up_In_Christmas_coverimg.png.0c7f81ccdd4a326f2336c44ce46a0d0a.jpg?width=1600&height=457,No duration found,No upload date found,No episode warnings found,No content rating found
The Light on the Hill,The mysterious circumstances surrounding the death of a mountain shepherd awakens greed and superstition in a remote Peruvian village. Spanish with English subtitles.,Show description or single item,"'Movies', 'Drama', 'Foreign Language', 'Suspenseful', 'Mysterious', 'Psychological'",https://play-images-prod-ctf.tech.tvnz.co.nz/api/v1/web/image/6rAMV9ZxVyIWNNMbliga6l/6418a52b518095fc2e446b1eed754303/TheLightOnTheHill_coverimg-min.png.6418a52b518095fc2e446b1eed754303.jpg?width=1600&height=457,No duration found,No upload date found,No episode warnings found,No content rating found
Hunt for the Wilderpeople,"In Taika Waititi's award-winning comedy, moody foster kid Ricky Baker is sent to live in the remote NZ bush with Bella and Hector. When Child Services try to take him back, Ricky refuses, sparking a national manhunt. Starring Julian Dennison and Sam Neill.",Show description or single item,"'Movies', 'Local', 'Comedy'",https://play-images-prod-ctf.tech.tvnz.co.nz/api/v1/web/image/4DHuL0SmSBcq53i8HnWVJJ/97b02c9f58d90d20e7b15f1db889cf82/hunt_for_the_wilderpeople_coverimg.jpg.97b02c9f58d90d20e7b15f1db889cf82.jpg?width=1600&height=457,No duration found,No upload date found,No episode warnings found,No content rating found
The Pā Boys,This is the story of a band on the road... A group of young Māori men form a reggae band and in the process discover what each wants out of their lives. Starring Francis Kora and Matariki Whatarau.,Show description or single item,"'Movies', 'Drama', 'Local'",https://play-images-prod-ctf.tech.tvnz.co.nz/api/v1/web/image/7xwHaa5pKOsOL8PJjLElsk/e739db1db47d945fe9739461eba167df/ThePaBoys_coverimg.png.e739db1db47d945fe9739461eba167df.jpg?width=1600&height=457,No duration found,No upload date found,No episode warnings found,No content rating found
Heart of a Lion,A Finnish Neo-Nazi falls in love with a woman who has a bi-racial son and finds himself fighting conflicting feelings. Finnish with English subtitles.,Show description or single item,"'Drama', 'Movies', 'Foreign Language', 'All the Feels', 'Thought-Provoking'",https://play-images-prod-ctf.tech.tvnz.co.nz/api/v1/web/image/6RA1I4PwZsSXz59BX60Gen/58b774b9d277e977338a24c45f3c7fc6/Filmsteam_HeartofaLion_coverimg.png.58b774b9d277e977338a24c45f3c7fc6.jpg?width=1600&height=457,No duration found,No upload date found,No episode warnings found,No content rating found
Harry and Meghan: A Royal Romance,"Fall in love with Prince Harry and Meghan Markle all over again, in this dramatisation of their early courtship.",Show description or single item,"'Movies', 'Drama', 'Romantic', 'Escapist'",https://play-images-prod-ctf.tech.tvnz.co.nz/api/v1/web/image/3qETM62wlpIzJ5xwII3dqo/1ede3cee05767d3c7f346e4b51556b64/Lifetime_Harry_MeghanARoyalRomance_coverimg.png.1ede3cee05767d3c7f346e4b51556b64.jpg?width=1600&height=457,No duration found,No upload date found,No episode warnings found,No content rating found
Zama,"Zama, a Spanish officer in the 17th century, is stagnating on a remote island. Awaiting his transfer to Buenos Aires, he waits for the letter from the King to allow him to leave, but the letter never arrives. Spanish with English subtitles.",Show description or single item,"'Drama', 'Foreign Language', 'Movies'",https://play-images-prod-ctf.tech.tvnz.co.nz/api/v1/web/image/5Tq5Y92vcrhYOPu2Owl9vK/86b6b52019aa0e4e025cd71cd7f7717e/Zama_coverimg_v2.png.86b6b52019aa0e4e025cd71cd7f7717e.jpg?width=1600&height=457,No duration found,No upload date found,No episode warnings found,No content rating found
The Most Magnificent Thing,"An inspirational story about a clever girl with a creative spirit, who learns the power of love and selflessness through hard work and determination.",Show description or single item,"'Kids', 'Movies'",https://play-images-prod-ctf.tech.tvnz.co.nz/api/v1/web/image/1GaTE3CbETqHqFq6pbvcXp/14c7955086c7e8bfb54f7a9fb702a01b/The_Most_Magnificent_Thing_coverimg.png.14c7955086c7e8bfb54f7a9fb702a01b.jpg?width=1600&height=457,No duration found,No upload date found,No episode warnings found,No content rating found
Dark Angel,"Based on V.C. Andrews' second novel in the Casteel series. Heaven is living in her wealthy grandmother's Boston house and dreams of a new life. But as she reaches out for love, she is ensnared in a sinister web of cruel deceits and hidden passions.",Show description or single item,"'Drama', 'Movies', 'All the Feels', 'Mysterious', 'Dark'",https://play-images-prod-ctf.tech.tvnz.co.nz/api/v1/web/image/2iR5k3dhqLrvHBKsUPdbIP/2e7d23610e2f7b04dd09737527383c53/Lifetime_VC_Andrews_Dark_Angel_coverimg_v2.png.2e7d23610e2f7b04dd09737527383c53.jpg?width=1600&height=457,No duration found,No upload date found,No episode warnings found,No content rating found
Whale Rider,"A young Māori girl fights to fulfil her destiny in her tribe, struggling against her traditional grandfather and the belief that only a male heir can become the next chief. Starring Keisha Castle-Hughes, Rawiri Paratene.",Show description or single item,"'Movies', 'Local', 'Drama'",https://play-images-prod-ctf.tech.tvnz.co.nz/api/v1/web/image/2EzPaaN6loD4i0okiIJIAa/f63546d6ce92fd3baf7ace67532f7610/WhaleRider_coverv2.jpg.f63546d6ce92fd3baf7ace67532f7610.jpg?width=1600&height=457,No duration found,No upload date found,No episode warnings found,No content rating found
Border,A customs officer who can smell fear develops an unusual attraction to a strange traveller while aiding a police investigation which will call into question her entire existence. Swedish with English subtitles.,Show description or single item,"'Movies', 'Drama', 'Foreign Language', 'Dark', 'Mysterious', 'Romantic', 'Scary'",https://play-images-prod-ctf.tech.tvnz.co.nz/api/v1/web/image/5amRnpap9PbgijHoUzBMe6/3a63198e5f8b8c6f3939a08344100b38/Border_coverimg.png.3a63198e5f8b8c6f3939a08344100b38.jpg?width=1600&height=457,No duration found,No upload date found,No episode warnings found,No content rating found
A Killer Among Us,"When 17-year-old Alex's mother is murdered, the police detective in charge of the case asks her to help find evidence that will lead them to the killer. Inspired by a true story.",Show description or single item,"'Movies', 'Drama', 'Mysterious', 'Thrilling'",https://play-images-prod-ctf.tech.tvnz.co.nz/api/v1/web/image/41GaMCMzEVQayChKeiTGsX/b1d1d22805e6ec98cca701af690e43f3/AKillerAmongUs_coverimg_v2.png.b1d1d22805e6ec98cca701af690e43f3.jpg?width=1600&height=457,No duration found,No upload date found,No episode warnings found,No content rating found
Sione's 2: Unfinished Business,"The boys are back! They’re five years older, but are they any wiser? When Bolo goes missing, their Minister brings the boys back together and sends them on a quest. Their mission: to find one Samoan in the world's largest Polynesian city! Starring Robbie Magasiva and Oscar Kightley.",Show description or single item,"'Movies', 'Local', 'Comedy'",https://play-images-prod-ctf.tech.tvnz.co.nz/api/v1/web/image/QXqDOaK6RXAUVE4BfEL7m/963a94ffdf15f970407d94e2f9d49086/Siones2_coverimg.png.963a94ffdf15f970407d94e2f9d49086.jpg?width=1600&height=457,No duration found,No upload date found,No episode warnings found,No content rating found
Blue is the Warmest Colour,"Adèle's life is changed when she meets Emma (Léa Seydoux), a young woman with blue hair, who will allow her to discover desire and to assert herself as a woman and as an adult. French with English subtitles",Show description or single item,"'Foreign Language', 'Movies', 'Drama', 'All the Feels', 'Bold', 'Provocative'",https://play-images-prod-ctf.tech.tvnz.co.nz/api/v1/web/image/60c8RnAJOqg4TyZvVnS8yj/01cfd7a9dd827387165fc362849a23d2/BlueistheWarmestColour.png.01cfd7a9dd827387165fc362849a23d2.jpg?width=1600&height=457,No duration found,No upload date found,WARNING: Contains explicit sex scenes.,No content rating found
I Was Lorena Bobbitt,"Lorena Bobbitt made tabloid headlines when she cut off her husband's penis with a knife in 1993. This is her journey, from a wide-eyed, immigrant bride to a battered wife, into an unlikely media sensation.",Show description or single item,"'Drama', 'Movies', 'Revealing', 'Psychological'",https://play-images-prod-ctf.tech.tvnz.co.nz/api/v1/web/image/6YbRvNSdOB2KNIXegya0bO/52bd842388247048a55b538026d1c2ac/IwasLorenaBobbit_coverimg.png.52bd842388247048a55b538026d1c2ac.jpg?width=1600&height=457,No duration found,No upload date found,WARNING: Contains themes of violent sexual abuse and disturbing material.,No content rating found
Runaway Millionaires,"What would you do if you found $10 million in your bank account? Runaway Millionaires is the gripping true story of Kara Hurring and Leo Gao, an ordinary New Zealand couple who went on the run after an extraordinary sum of money was mistakenly deposited into their account. Made with the support of NZ On Air.",Show description or single item,"'Drama', 'Local', 'Movies'",https://play-images-prod-ctf.tech.tvnz.co.nz/api/v1/web/image/7CRN5geHMH7SyESJ0Glgpf/da876c781c009930efa9e9d8bd38d525/runawaymillionaires_coverimg.png.da876c781c009930efa9e9d8bd38d525.jpg?width=1600&height=457,No duration found,No upload date found,No episode warnings found,No content rating found
One Thousand Ropes,"When a father reconnects with his estranged teenage daughter, he is given a rare chance to reshape the future of his family in unexpected ways and put to rest the ghosts that haunt them.",Show description or single item,"'Movies', 'Local', 'Drama', 'Revealing', 'Thought-Provoking', 'All the Feels'",https://play-images-prod-ctf.tech.tvnz.co.nz/api/v1/web/image/6SPJCVOebCpED0KW2w1xIU/7755a61438777c3d1bded499ff3c6f7c/OneThousandRopes_coverimg.png.7755a61438777c3d1bded499ff3c6f7c.jpg?width=1600&height=457,No duration found,No upload date found,No episode warnings found,No content rating found
Betty and Coretta,"Angela Bassett and Mary J Blige star as Coretta Scott King and Dr Betty Shabazz, the wives of Dr Martin Luther King and Malcolm X, in this drama about their lives in the wake of their husbands' assassinations.",Show description or single item,"'Drama', 'Movies', 'Revealing', 'Bold', 'All the Feels'",https://play-images-prod-ctf.tech.tvnz.co.nz/api/v1/web/image/39EC7TldDgFmYsgf3Szzgu/5057261698087cd067e080a2805efce0/betty_and_coretta_coverimg.png.5057261698087cd067e080a2805efce0.jpg?width=1600&height=457,No duration found,No upload date found,No episode warnings found,No content rating found
The Last Suit,"An 88 year-old Jewish tailor runs away from Buenos Aires to Poland, where he intends to find a friend who saved him from certain death at the end of World War II. Spanish with English subtitles.",Show description or single item,"'Movies', 'Foreign Language', 'All the Feels', 'Cheeky', 'Irreverent'",https://play-images-prod-ctf.tech.tvnz.co.nz/api/v1/web/image/klgQsAdTa3acMoRWkBUSu/ab30dffb085abbfef56323c361a0b40a/THeLastSuit_coverimg.png.ab30dffb085abbfef56323c361a0b40a.jpg?width=1600&height=457,No duration found,No upload date found,No episode warnings found,No content rating found
Billionaire Boy,"Len and his son Joe come form humble beginnings. Their lives are turned upside down when Len invents a new toilet roll, and they become overnight billionaires. Starring David Walliams.",Show description or single item,"'Movies', 'Kids', 'Comedy'",https://play-images-prod-ctf.tech.tvnz.co.nz/api/v1/web/image/52QPP81vLTZr7wFjhE0FYh/1abc00843e5b9e2f4c103b78ef8b92fc/BillionaireBoy_coverimg.png.1abc00843e5b9e2f4c103b78ef8b92fc.jpg?width=1600&height=457,No duration found,No upload date found,No episode warnings found,No content rating found
Park,"A group of idle and wilding youths, injured retired athletes, and stray dogs wander the ruins of the abandoned 2004 Athens Olympic Village. Greek with English subtitles.",Show description or single item,"'Movies', 'Foreign Language', 'Drama', 'Revealing', 'Thought-Provoking', 'Provocative'",https://play-images-prod-ctf.tech.tvnz.co.nz/api/v1/web/image/79UqPDgByo86Rx1pbfAk2o/01313d95a4b5dca2ad80e0e990bcf91a/Park_coverimg.png.01313d95a4b5dca2ad80e0e990bcf91a.jpg?width=1600&height=457,No duration found,No upload date found,No episode warnings found,No content rating found
Girl in the Basement,"A chilling story coming straight from the headlines, Sara is a vibrant teen girl whose controlling father Don (Judd Nelson) imprisons her in a basement for decades, unbeknownst to her family living upstairs.",Show description or single item,"'Drama', 'Movies', 'Dark', 'Gritty', 'Suspenseful'",https://play-images-prod-ctf.tech.tvnz.co.nz/api/v1/web/image/jvQQOcz1ksBwOqFFEzybp/5747e555d6ec742f6408112a8d17a238/Lifetime_GirlInTheBasement_coverimg.png.5747e555d6ec742f6408112a8d17a238.jpg?width=1600&height=457,No duration found,No upload date found,WARNING: Deals with the issue of rape.,No content rating found
Once Upon a Time in Venice,Hollywood legend Bruce Willis stars as a Los Angeles detective who seeks out the ruthless gang that stole his dog. Also starring Jason Momoa and John Goodman.,Show description or single item,"'Movies', 'Drama', 'Action-Packed', 'Epic', 'Fast-Paced'",https://play-images-prod-ctf.tech.tvnz.co.nz/api/v1/web/image/4noNAChuG7FIXfEHPiiBPU/5ce5dd7887309620b56b8f715371d8bd/once_upon_a_time_in_venice.png.5ce5dd7887309620b56b8f715371d8bd.jpg?width=1600&height=457,No duration found,No upload date found,No episode warnings found,No content rating found
Sex Life of Plants,"After an accident changes her boyfriend's personality, a woman tries to settle down and have children with a new man, but the memories of her lost love still haunt her. Spanish with English subtitles.",Show description or single item,"'Drama', 'Movies', 'Foreign Language', 'All the Feels', 'Thought-Provoking'",https://play-images-prod-ctf.tech.tvnz.co.nz/api/v1/web/image/Q3Wa7SMiKyFtxFt8iLlt4/cd9dbc56753ae96e972a7bcfe89ef157/SexLifeofPlants_coverimg.png.cd9dbc56753ae96e972a7bcfe89ef157.jpg?width=1600&height=457,No duration found,No upload date found,No episode warnings found,No content rating found
A Love Yarn,"A small-town wool shop owner finds herself at a crossroads, when her business is threatened by a handsome American auditor.  Starring Anna Hutchison.",Show description or single item,"'Movies', 'Local', 'Romantic', 'Kiwi As'",https://play-images-prod-ctf.tech.tvnz.co.nz/api/v1/web/image/3RlCHQorRjPnxpD8moqTP6/332e7ac82d278c0237fb0560353fbdf0/ALoveYarn_coverimg.png.332e7ac82d278c0237fb0560353fbdf0.jpg?width=1600&height=457,No duration found,No upload date found,No episode warnings found,No content rating found
The Clan,"The true story of the Puccio family, who made millions kidnapping and ransoming wealthy people in the 1980s. Spanish with English subtitles.",Show description or single item,"'Drama', 'Foreign Language', 'Movies', 'Thrilling', 'Gritty', 'Dark'",https://play-images-prod-ctf.tech.tvnz.co.nz/api/v1/web/image/1m6ymI3pSpFPGIgDgzBRJV/ce379baaf90453865004c437686a13c6/Filmstream_TheClan_coverimg.png.ce379baaf90453865004c437686a13c6.jpg?width=1600&height=457,No duration found,No upload date found,No episode warnings found,No content rating found
Genghis,"The relentless, brave warriors from Ghengis Khan's Aravt crew are sent into the woods on a dangerous mission that will put the band of Mongol warriors on the edge of life and death. Mongolian with English subtitles.",Show description or single item,"'Drama', 'Foreign Language', 'Movies', 'Action-Packed', 'Epic'",https://play-images-prod-ctf.tech.tvnz.co.nz/api/v1/web/image/6Gf9PXsTtTPu61xJnQV6ql/144e995d0df0454b6451e111d5b88052/Filmstream_Genghis_coverimg.png.144e995d0df0454b6451e111d5b88052.jpg?width=1600&height=457,No duration found,No upload date found,No episode warnings found,No content rating found
Taken: The Search for Sophie Parker,"When 18-year-old Sophie Parker is abducted on a spring break trip to Moscow, her mother, a tough NYPD detective, moves heaven and earth in her frantic quest to save her only child.",Show description or single item,"'Movies', 'Drama', 'Thrilling', 'Mysterious'",https://play-images-prod-ctf.tech.tvnz.co.nz/api/v1/web/image/4HbYsZh8wBOkQZdDYRvT4P/d9e26bef238e4fca4d4323e4459cdfc5/Lifetime_TakenTheSearchforSophieParker_coverimg.png.d9e26bef238e4fca4d4323e4459cdfc5.jpg?width=1600&height=457,No duration found,No upload date found,No episode warnings found,No content rating found
In A Flash,"This emotional, original drama tells the true story of the six Elim College students and their teacher who tragically lost their lives in a flash flood at Mangatepopo Gorge in April of 2008. Made with the support of NZ On Air.",Show description or single item,"'Local', 'Drama', 'Movies'",https://play-images-prod-ctf.tech.tvnz.co.nz/api/v1/web/image/32gQMppEDQo8t2n155oJyS/705a591d237a8a85ba1c93d4bb596e1c/InAFlash_showcover.png.705a591d237a8a85ba1c93d4bb596e1c.jpg?width=1600&height=457,No duration found,No upload date found,No episode warnings found,No content rating found
A Man Called Ove,"The Oscar-nominated comedy-drama about Ove, an ill-tempered, isolated retiree who spends his days enforcing rules that only he cares about. He's given up on life, but when a boisterous young family moves in next door, an unlikely friendship develops. Swedish with English subtitles.",Show description or single item,"'Comedy', 'Drama', 'Foreign Language', 'Movies', 'Witty', 'All the Feels', 'Quirky'",https://play-images-prod-ctf.tech.tvnz.co.nz/api/v1/web/image/7EaUYvXUIpyD7vDxb0bV71/ea84b98fec7ca8de4845b8a2d3e1a9c3/AManCalledOve_coverimg.png.ea84b98fec7ca8de4845b8a2d3e1a9c3.jpg?width=1600&height=457,No duration found,No upload date found,WARNING: Deals with the issue of suicide.,No content rating found
Don't Say a Word,"When a psychiatrist's daughter is kidnapped, he must use his skills and powers of persuasion to meet the abductor's demands and ensure his daughter's safety. Starring Michael Douglas and Brittany Murphy.",Show description or single item,"'Movies', 'Drama', 'Dark', 'Mysterious', 'Thrilling'",https://play-images-prod-ctf.tech.tvnz.co.nz/api/v1/web/image/m8FfRkZieVEy1zfQew3a9/01b2f67a48820444d3a49de9d462f611/Don-t_Say_a_Word_coverimg.png.01b2f67a48820444d3a49de9d462f611.jpg?width=1600&height=457,No duration found,No upload date found,No episode warnings found,No content rating found
Restless Virgins,Based on the true story of the sex scandal which rocked New England prep school Milton Academy when the editor of the school newspaper released a sex tape featuring five senior members of the lacrosse team and a classmate.,Show description or single item,"'Drama', 'Movies', 'Revealing', 'Provocative'",https://play-images-prod-ctf.tech.tvnz.co.nz/api/v1/web/image/7EHd9YuYFU50pGYsMBL1kl/e94feb1e21b348d3541985117ec0cd34/Lifetime_RestlessVirgins_coverimg.png.e94feb1e21b348d3541985117ec0cd34.jpg?width=1600&height=457,No duration found,No upload date found,No episode warnings found,No content rating found
Death Of A Vegas Showgirl,The true story of a Las Vegas dancer who vanishes without a trace on the eve of achieving her dream role. The subsequent investigation reveals the twisted depth of this love story gone wrong.,Show description or single item,"'Drama', 'Movies', 'Dark', 'Investigative', 'Mysterious'",https://play-images-prod-ctf.tech.tvnz.co.nz/api/v1/web/image/4PLRLk4RKj1BU1q41XI2vG/c0a5a130b08a7264dcfa50dd2b0e05ca/Death-of-a-Vegas-Showgirl_coverimg.png.c0a5a130b08a7264dcfa50dd2b0e05ca.jpg?width=1600&height=457,No duration found,No upload date found,No episode warnings found,No content rating found
Austin Powers: International Man of Mystery,"Austin Powers, the swinging 60s secret agent, is brought out of cryofreeze in the 90s, to bring down his enemy mastermind, Dr. Evil. Starring Mike Myers.",Show description or single item,"'Movies', 'Comedy', 'Crack-Up', 'Silly'",https://play-images-prod-ctf.tech.tvnz.co.nz/api/v1/web/image/3vcn8iEi5itBkpZOsoYQEb/bbcfe7484edcda5e6ebcc65f3603b541/austin-powers-cover.png.bbcfe7484edcda5e6ebcc65f3603b541.jpg?width=1600&height=457,No duration found,No upload date found,No episode warnings found,No content rating found
Knight and Day,"An innocent bystander is thrown into the fast-paced world of espionage, when she shares a flight with a disgraced spy trying to clear his name. Starring Tom Cruise and Cameron Diaz.",Show description or single item,"'Movies', 'Action-Packed', 'Cheeky', 'Crack-Up'",https://play-images-prod-ctf.tech.tvnz.co.nz/api/v1/web/image/2v65b3dzTDqeokSoRPdpkU/13ecd80887c513a4338d8e4a7c9e4f59/Knight-and-Day_coverimg.png.13ecd80887c513a4338d8e4a7c9e4f59.jpg?width=1600&height=457,No duration found,No upload date found,No episode warnings found,No content rating found
7 Boxes,"Things get complicated for a teenage delivery boy in Paraguay's infamous Market 4, when he's asked to transport seven boxes with unknown contents. Spanish with English subtitles.",Show description or single item,"'Movies', 'Foreign Language', 'Drama', 'Action-Packed', 'Suspenseful', 'Thrilling'",https://play-images-prod-ctf.tech.tvnz.co.nz/api/v1/web/image/2c5cZCxm6pAcI1HSwapBDM/7f5ca9e5b3c4342b728b196b6aaef1c7/Filmstream_7_Boxes_coverimg.png.7f5ca9e5b3c4342b728b196b6aaef1c7.jpg?width=1600&height=457,No duration found,No upload date found,No episode warnings found,No content rating found
Girl,"Lara, a 15-year-old transgender girl, is determined to become a professional ballerina and throws herself into her quest for perfection at a new school. French with English subtitles.",Show description or single item,"'Drama', 'Foreign Language', 'Movies', 'Bold', 'All the Feels', 'Psychological'",https://play-images-prod-ctf.tech.tvnz.co.nz/api/v1/web/image/DdDcLL6cSP1BCXTUkJZiY/aab8d2946d8e16a6ae66790cf4cdcd6c/Filmstream_Girl_coverimg.png.aab8d2946d8e16a6ae66790cf4cdcd6c.jpg?width=1600&height=457,No duration found,No upload date found,WARNING: Contains nudity and scenes that may disturb.,No content rating found
Shoplifters,"A family of small-time crooks, who rely on shoplifting to cope with a life of poverty in Tokyo, take in a child they find outside in the cold. Japanese with English subtitles.",Show description or single item,"'Drama', 'Foreign Language', 'Movies', 'All the Feels', 'Thought-Provoking', 'Mysterious'",https://play-images-prod-ctf.tech.tvnz.co.nz/api/v1/web/image/3SIUKL8Mzvv5GmPhICYCT4/1d013c8e27b4e1543076326f922c8156/Shoplifters_coverimg.png.1d013c8e27b4e1543076326f922c8156.jpg?width=1600&height=457,No duration found,No upload date found,No episode warnings found,No content rating found
Transfinite,"This striking sci-fi feature film is composed of seven standalone short stories where supernatural trans and queer people from various cultures use their powers to protect, love, teach, fight and thrive.",Show description or single item,"'Drama', 'Movies', 'All the Feels', 'Bold', 'Mysterious'",https://play-images-prod-ctf.tech.tvnz.co.nz/api/v1/web/image/3fQYf1wTmkKJlFfvUot4YB/a5f298c80dea1f0f74ddc340689ba20c/Transfinite_Coverimg.png.a5f298c80dea1f0f74ddc340689ba20c.jpg?width=1600&height=457,No duration found,No upload date found,No episode warnings found,No content rating found
Snowed-Inn Christmas,"Jenna Hudson and Kevin Jenner are polar opposites, working for the same online publication in New York City. When they both take the same assignment over the Christmas break, seasonal sparks fly.",Show description or single item,"'Movies', 'All the Feels', 'Sassy', 'Romantic'",https://play-images-prod-ctf.tech.tvnz.co.nz/api/v1/web/image/3WRR7K5eJRJyebgSUMhefD/e1c746d8abb6554df2f4f669e041f9b2/Lifetime_Snowed-Inn_Christmas_coverimg.png.e1c746d8abb6554df2f4f669e041f9b2.jpg?width=1600&height=457,No duration found,No upload date found,No episode warnings found,No content rating found
The Real MVP: The Wanda Durant Story,Based on the inspiring true story of NBA great Kevin Durant’s mother Wanda and her dedication to raising one of the greatest basketball players in the world.,Show description or single item,"'Drama', 'Movies', 'Sport', 'Revealing', 'All the Feels'",https://play-images-prod-ctf.tech.tvnz.co.nz/api/v1/web/image/4mTUcIjuKoQoZzUemKgOw1/d31e821c81b343cb8c0986dc07c7b81f/The-Real-MVP-coverimg.png.d31e821c81b343cb8c0986dc07c7b81f.jpg?width=1600&height=457,No duration found,No upload date found,No episode warnings found,No content rating found
Le Grand Soir,"When salesman Jean-Pierre is fired from his job, his punk brother decides it is time to introduce him to the world of the mosh-pit and non-conforming. Winner of the Special Jury Prize at Cannes. French with English subtitles.",Show description or single item,"'Comedy', 'Movies', 'Foreign Language', 'Quirky', 'Crack-Up'",https://play-images-prod-ctf.tech.tvnz.co.nz/api/v1/web/image/7JvrbAotvrsZ6mInk32VBj/ebb4b4a6b5ed6f89edfea3e41e22fb93/Filmstream_LeGrandSoir_coverimg.png.ebb4b4a6b5ed6f89edfea3e41e22fb93.jpg?width=1600&height=457,No duration found,No upload date found,No episode warnings found,No content rating found
Aaliyah: Princess of R&B,"At the height of her music career, Aaliyah died tragically in a plane crash over the Bahamas. This is her story.",Show description or single item,"'Movies', 'Drama', 'All the Feels', 'Epic', 'Iconic'",https://play-images-prod-ctf.tech.tvnz.co.nz/api/v1/web/image/5A0SJTUlQfm9jCZdaVQxx0/06b83f613562a0f6eec739d2772027dd/Aaliyah-The-Princess-of-R_B_coverimg.png.06b83f613562a0f6eec739d2772027dd.jpg?width=1600&height=457,No duration found,No upload date found,No episode warnings found,No content rating found
Disaster Movie,"A group of friends find themselves up against a torrent of disasters and catastrophes, in a hilarious slapstick parody of disaster movies. Starring Kim Kardashian.",Show description or single item,"'Movies', 'Comedy', 'Crack-Up', 'Irreverent', 'Cheeky'",https://play-images-prod-ctf.tech.tvnz.co.nz/api/v1/web/image/2mPDG5HGVNtjeYG5udinFD/642c3d4f52adce556785e958e5d93d5e/Disaster_Movie_coverimg.png.642c3d4f52adce556785e958e5d93d5e.jpg?width=1600&height=457,No duration found,No upload date found,No episode warnings found,No content rating found
Klown,"To prove he's ready for fatherhood, Frank 'kidnaps' his pregnant girlfriend's 12-year-old nephew and takes him along on his best friend Casper's debauched canoe trip. Danish with English subtitles.",Show description or single item,"'Comedy', 'Foreign Language', 'Movies', 'Crack-Up', 'Provocative', 'Naughty'",https://play-images-prod-ctf.tech.tvnz.co.nz/api/v1/web/image/6g6ah5wmZZ3eHeGiRJtqgk/536825e58180c58330a709a8103fd29d/Filmsteam_Klown_coverimg.png.536825e58180c58330a709a8103fd29d.jpg?width=1600&height=457,No duration found,No upload date found,"WARNING: Contains strong sexual content, graphic nudity and coarse language.",No content rating found
Gangsta Granny,"Ben thinks that his Granny is boring, until they go on a whirlwind adventure together and he discovers a whole other side of her. Based on the book by David Walliams.",Show description or single item,"'Movies', 'Kids', 'Comedy'",https://play-images-prod-ctf.tech.tvnz.co.nz/api/v1/web/image/63cDkZAaH29XpO7wDqvwxa/5fe715684fcbfda6c6c2ae5024dc8b7b/GangstaGranny_coverimg.png.5fe715684fcbfda6c6c2ae5024dc8b7b.jpg?width=1600&height=457,No duration found,No upload date found,No episode warnings found,No content rating found
Petals on the Wind,"In the sequel to Flowers in the Attic, The Dollanganger siblings attempt to build normal lives for themselves after being held captive by their grandmother for several years. Trying to forget their sordid past, they come to realise that some secrets can't be left behind.",Show description or single item,"'Movies', 'Drama'",https://play-images-prod-ctf.tech.tvnz.co.nz/api/v1/web/image/5GwlLEMcaI2hyesLR1KWGU/16f55a79173439e4630fa3a048f10062/Lifetime_PetalsontheWind_coverimg.png.16f55a79173439e4630fa3a048f10062.jpg?width=1600&height=457,No duration found,No upload date found,No episode warnings found,No content rating found
Sione's Wedding,"When Michael and his three chaotic best mates are banned from attending his brother's wedding, they know something has to change. They get one last chance - find dates to the wedding or be left out in the cold! Starring Robbie Magasiva, Oscar Kightley and Teuila Blakely.",Show description or single item,"'Movies', 'Local', 'Comedy'",https://play-images-prod-ctf.tech.tvnz.co.nz/api/v1/web/image/2nRK0iLCAf8mtYdh6HKpOH/8b3d8f99bdb0ddc4372b52df15a8690a/SionesWedding_coverimg.png.8b3d8f99bdb0ddc4372b52df15a8690a.jpg?width=1600&height=457,No duration found,No upload date found,No episode warnings found,No content rating found
A Sister's Secret,"Twin sisters, one single and one married with children, switch places on their 30th birthday. When one twin is murdered, the survivor must keep up the charade to uncover her killer and protect her sister's family from harm.",Show description or single item,"'Movies', 'Drama'",https://play-images-prod-ctf.tech.tvnz.co.nz/api/v1/web/image/7tXOuseaZPoaaYRC1HOzll/43043261b2d89a4dd706c2bf0c374aeb/Lifetime_ASister_sSecret_coverimg.png.43043261b2d89a4dd706c2bf0c374aeb.jpg?width=1600&height=457,No duration found,No upload date found,No episode warnings found,No content rating found
The Ideal Palace,Discover the unlikely true story of a 19th century postman who dedicated 33 years of his life to building an extraordinary palace for his beloved daughter. French with English subtitles.,Show description or single item,"'Drama', 'Foreign Language', 'Movies', 'Epic', 'Irreverent', 'Lavish'",https://play-images-prod-ctf.tech.tvnz.co.nz/api/v1/web/image/1GbwlUzZS9dXHBmdG4f2Gv/2cdd42ef0d8a16a983d9d3da7dc26027/TheIdealPalace_coverimg.png.2cdd42ef0d8a16a983d9d3da7dc26027.jpg?width=1600&height=457,No duration found,No upload date found,No episode warnings found,No content rating found
Tazzeka,"Hailing from the Moroccan village of Tazzeka, Elias meets a top French chef who inspires him to move to Paris and risk living there undocumented to follow his dreams. French / Moroccan Arabic with English subtitles.",Show description or single item,"'Movies', 'Foreign Language', 'Drama', 'Revealing', 'All the Feels', 'Lavish'",https://play-images-prod-ctf.tech.tvnz.co.nz/api/v1/web/image/2BtNtNyKoph3miIEZ4HPmg/0c7f5244477ad4fd3b14a1322973f05f/Filmstream_Tazzeka_coverimg.png.0c7f5244477ad4fd3b14a1322973f05f.jpg?width=1600&height=457,No duration found,No upload date found,No episode warnings found,No content rating found
The Assassin,"A general's daughter trains to become an exceptional assassin, tasked with eliminating cruel and corrupt leaders in 8th century China. Mandarin with English subtitles.",Show description or single item,"'Movies', 'Foreign Language', 'Action-Packed', 'Escapist'",https://play-images-prod-ctf.tech.tvnz.co.nz/api/v1/web/image/63ZglVWUHXyChIo2n9Oh6Q/df0c6decdf15cbbb75fa82376a286119/Filmstream_The_Assassin_coverimg.png.df0c6decdf15cbbb75fa82376a286119.jpg?width=1600&height=457,No duration found,No upload date found,No episode warnings found,No content rating found
Feliz NaviDAD,"A high school principal and single dad (Mario Lopez) lost the holiday spirit after also losing his wife during the Christmas season. Now, his 14-year-old daughter looks to bring back the spirit of the season.",Show description or single item,"'Movies', 'All the Feels', 'Comforting', 'Crack-Up'",https://play-images-prod-ctf.tech.tvnz.co.nz/api/v1/web/image/6Svmy3pvHVtnaGZsMLPSX0/4bd1a6078bb4393458bc3d458288206f/Lifetime_Feliz_NaviDAD_coverimg.png.4bd1a6078bb4393458bc3d458288206f.jpg?width=1600&height=457,No duration found,No upload date found,No episode warnings found,No content rating found
The Unauthorised Beverly Hills 90210 Story,"Pop culture phenomenon Beverly Hills 90210 ruled the 90s television landscape. This special reveals the massive highs and lows, and what went on behind the scenes as the young stars rose to fame.",Show description or single item,"'Movies', 'Drama', 'Nostalgic', 'All the Feels'",https://play-images-prod-ctf.tech.tvnz.co.nz/api/v1/web/image/69r3RsN1XtTzuPyvovu2vC/0204a8d467f7c704285992970abe7ad7/Lifetime_TheUnauthorizedBeverlyHills90210Story_coverimg.png.0204a8d467f7c704285992970abe7ad7.jpg?width=1600&height=457,No duration found,No upload date found,No episode warnings found,No content rating found
Happy Face Killer,"Based on the true story, FBI agent Melinda Gand is brought in to help stop the Happy Face Killer, a murderer who is taunting authorities with disturbing notes and confessions signed with a happy face. Starring David Arquette.",Show description or single item,"'Drama', 'Movies', 'Psychological', 'Thrilling'",https://play-images-prod-ctf.tech.tvnz.co.nz/api/v1/web/image/6r1u67H47M5Ta4fZfxsijp/9efeeac49b1eb94f009ddcd961a4cddc/Lifetime_HappyFaceKiller_coverimg.png.9efeeac49b1eb94f009ddcd961a4cddc.jpg?width=1600&height=457,No duration found,No upload date found,No episode warnings found,No content rating found
Dangerous Matrimony,"Years after a woman was mysteriously thrown overboard and left to die in the Caribbean, her sister  becomes determined to find the killer and bring them to justice.",Show description or single item,"'Movies', 'Drama'",https://play-images-prod-ctf.tech.tvnz.co.nz/api/v1/web/image/6eN0f4JGK7Zn0B3VXlJp3n/79a7602a0b9f7d0a41151ae623f01c73/Lifetime_DangerousMatrimony_coverimgv2.png.79a7602a0b9f7d0a41151ae623f01c73.jpg?width=1600&height=457,No duration found,No upload date found,No episode warnings found,No content rating found
Kiwi,The extraordinary story of a remarkable horse that became a racing legend when he ran from last to first over the final 300 metres at Flemington to win The Melbourne Cup. Made with the support of NZ On Air.,Show description or single item,"'Local', 'Movies', 'Drama'",https://play-images-prod-ctf.tech.tvnz.co.nz/api/v1/web/image/6qL8uFNrxoturNH2wKtDTZ/68f7cb7b2ac865e68cc2a3660ace8078/Kiwi_coverimg.png.68f7cb7b2ac865e68cc2a3660ace8078.jpg?width=1600&height=457,No duration found,No upload date found,No episode warnings found,No content rating found
In Bed with Victoria,"When a 30-something workaholic criminal lawyer bumps into her ex-husband, a drug dealer she successfully defended in court, and her good friend Vincent at a wedding, the series of events turns her life upside down. French with English subtitles.",Show description or single item,"'Comedy', 'Drama', 'Foreign Language', 'Movies', 'Romantic', 'Quirky', 'Witty'",https://play-images-prod-ctf.tech.tvnz.co.nz/api/v1/web/image/3PI36OC67nB3q3dpQ04EQd/9db532fe478aa9cd7c00148b2105c110/Filmstream_InBedwithVictoria_coverimg.png.9db532fe478aa9cd7c00148b2105c110.jpg?width=1600&height=457,No duration found,No upload date found,No episode warnings found,No content rating found
Pool Boy Nightmare,"When Gale ends her brief affair with pool cleaner Adam, he seduces Gale's teenage daughter Becca, using her as an unsuspecting pawn in a twisted game of revenge.",Show description or single item,"'Drama', 'Movies', 'Thrilling', 'Suspenseful'",https://play-images-prod-ctf.tech.tvnz.co.nz/api/v1/web/image/1MazJ9VpKmlifDfZjKQBAs/873c56c540fb4cabfb8dbeabc478f893/Lifetime_PoolBoyNightmare_coverimg_v3.png.873c56c540fb4cabfb8dbeabc478f893.jpg?width=1600&height=457,No duration found,No upload date found,No episode warnings found,No content rating found
Slumdog Millionaire,"Award-winning film about a street-smart teenager from Mumbai, who is accused of cheating on Who Wants to Be a Millionaire.",Show description or single item,"'Drama', 'Movies', 'Bold', 'Thrilling'",https://play-images-prod-ctf.tech.tvnz.co.nz/api/v1/web/image/66KhjhEbRvLXWzpkd1IPlZ/ed1acc5b17383ffe9fb50f2b31d4807b/SlumdogMillionaire_coverimg.png.ed1acc5b17383ffe9fb50f2b31d4807b.jpg?width=1600&height=457,No duration found,No upload date found,No episode warnings found,No content rating found
Bury The Past,"When a women strikes out at her abusive husband, she fears her story will not be believed as he is a police officer and flees into hiding. But the past isn't always left behind so easily.",Show description or single item,"'Movies', 'Drama', 'Dark', 'Suspenseful', 'Thrilling'",https://play-images-prod-ctf.tech.tvnz.co.nz/api/v1/web/image/5k1cNZ8sJvlRE4rVMOJbV0/c0c3a71355b1e0cade91daf8d95338a3/Lifetime_BuryThePast_coverimg_v2.png.c0c3a71355b1e0cade91daf8d95338a3.jpg?width=1600&height=457,No duration found,No upload date found,No episode warnings found,No content rating found
Abducted: The Mary Stauffer Story,"Inspired by a true story, teacher and missionary Mary Stauffer and her eight-year-old daughter were held captive by a former student who had become obsessed with her. Starring Alyson Hannigan.",Show description or single item,"'Movies', 'Drama', 'Psychological', 'Suspenseful', 'Dark'",https://play-images-prod-ctf.tech.tvnz.co.nz/api/v1/web/image/5S4Cs3YQ5ltk82qu4rCNe3/05b3bc3d800eda5ad8961cb2732d2a13/Lifetime_AbductedTheMaryStaufferStory_coverimg.png.05b3bc3d800eda5ad8961cb2732d2a13.jpg?width=1600&height=457,No duration found,No upload date found,No episode warnings found,No content rating found
Sleeping with Danger,"Grace's dream man Paul quickly becomes her nightmare as a jealous rage leads to a brutal attack. Fearing for her life and the safety of other women, Grace works with the police to bring Paul to justice. Inspired by Ann Rule’s true crime collection Mortal Danger and Other True Cases.",Show description or single item,"'Drama', 'Movies', 'Dark', 'Suspenseful'",https://play-images-prod-ctf.tech.tvnz.co.nz/api/v1/web/image/s0CXJMZMOUcFBKTAnV7s3/0576fd7ddecd87b0df30d965a81ccbdf/Lifetime_SleepingWithDanger_coverimg.png.0576fd7ddecd87b0df30d965a81ccbdf.jpg?width=1600&height=457,No duration found,No upload date found,No episode warnings found,No content rating found
Glory,"When a reclusive Bulgarian railway worker turns in millions in cash he found spilled on the tracks, his life is turned upside down by the chaos of bureaucracy. Bulgarian with English subtitles.",Show description or single item,"'Movies', 'Foreign Language', 'Drama', 'Irreverent', 'Psychological'",https://play-images-prod-ctf.tech.tvnz.co.nz/api/v1/web/image/24Tcl229nrRFH3kzfju5st/b3e9c9ffe68e3a1219764b24206c92cc/FilmStream_Glory_showcover-min.png.b3e9c9ffe68e3a1219764b24206c92cc.jpg?width=1600&height=457,No duration found,No upload date found,No episode warnings found,No content rating found
Ixcanul,"On the slopes of an active volcano in Guatemala, a marriage is arranged for 17-year-old María by her Kaqchikel parents to a man who is working in the city, a world María knows nothing of. Spanish with English subtitles.",Show description or single item,"'Drama', 'Foreign Language', 'Movies', 'Revealing', 'All the Feels'",https://play-images-prod-ctf.tech.tvnz.co.nz/api/v1/web/image/5PPqn3Fztn5NDyJwhsalfP/8d32142e9f8523dcfc9b7459c3625c4e/Filmstream_Ixcanul_coverimg.png.8d32142e9f8523dcfc9b7459c3625c4e.jpg?width=1600&height=457,No duration found,No upload date found,No episode warnings found,No content rating found
Fresh Meat,"After a prison breakout goes violently wrong, a dysfunctional gang of criminals hide out in the home of a middle-class Māori family. But they soon realise this particular family have a taste for human flesh... Starring Temuera Morrison and Kate Elliot.",Show description or single item,"'Movies', 'Comedy', 'Local'",https://play-images-prod-ctf.tech.tvnz.co.nz/api/v1/web/image/1XU7NYZ1RkPlLxj2AvXy5v/98cb2eac39fbca1148ab33faf0ace38a/FreshMeat_coverv2.png.98cb2eac39fbca1148ab33faf0ace38a.jpg?width=1600&height=457,No duration found,No upload date found,No episode warnings found,No content rating found
Mood Indigo,The wealthy and inventive Colin endeavours to find a cure for his lover Chloe after she's diagnosed with an unusual illness caused by a flower growing in her lungs. Starring Audrey Tautou. French with English subtitles.,Show description or single item,"'Drama', 'Foreign Language', 'Movies', 'All the Feels', 'Quirky'",https://play-images-prod-ctf.tech.tvnz.co.nz/api/v1/web/image/4bdZu34ZnXiM1Oq6LWtzv6/0d3af2ba46077f0a653ccaabaf713ef5/Filmstream_MoodIndigo_coverimg.png.0d3af2ba46077f0a653ccaabaf713ef5.jpg?width=1600&height=457,No duration found,No upload date found,No episode warnings found,No content rating found
The Lost Wife Of Robert Durst,Based on the true story of convicted killer and real estate mogul Robert Durst; pull back the curtain on his twisted world and explore what may have happened between him and his forgotten first wife Kathie.,Show description or single item,"'Drama', 'Movies', 'Psychological', 'Thrilling'",https://play-images-prod-ctf.tech.tvnz.co.nz/api/v1/web/image/4cZrlWaINpfquT9YOY4Z9t/7722bca505c92838512f5c2bc19e4a35/The_Lost_Wife_Of_Robert_Durst_coverimg.png.7722bca505c92838512f5c2bc19e4a35.jpg?width=1600&height=457,No duration found,No upload date found,No episode warnings found,No content rating found
Flowers in the Attic,"Based on the controversial book series, Flowers in the Attic tells the story of the four Dollanganger siblings, held captive and mistreated by their cruel grandmother. Starring Kiernan Shipka and Heather Graham.",Show description or single item,"'Movies', 'Drama'",https://play-images-prod-ctf.tech.tvnz.co.nz/api/v1/web/image/6JpJe4R6LDGzjrLRKOzcr1/b86736545a70cd2b7e6c3a9d9ec87eb8/Lifetime_FlowersInTheAttic_coverimg.png.b86736545a70cd2b7e6c3a9d9ec87eb8.jpg?width=1600&height=457,No duration found,No upload date found,No episode warnings found,No content rating found
The Orator,"Small in stature and humble, Saili lives a simple life with his beloved wife and daughter in an isolated, traditional village in the islands of Samoa. Forced to protect his land and family, Saili must face his fears and seek the right to speak up for those he loves.",Show description or single item,"'Movies', 'Drama', 'Local'",https://play-images-prod-ctf.tech.tvnz.co.nz/api/v1/web/image/1UtnqnQ8R1lbQXfRZD8s8V/43cc765c18d438cc08aa763a1c002714/TheOrator_coverimg.png.43cc765c18d438cc08aa763a1c002714.jpg?width=1600&height=457,No duration found,No upload date found,No episode warnings found,No content rating found
Whitney,"Witness the headline-making relationship between the iconic singer, actress, producer and model Whitney Houston and singer and songwriter Bobby Brown as directed by Academy Award® nominee Angela Bassett.",Show description or single item,"'Drama', 'Movies', 'All the Feels', 'Epic', 'Thought-Provoking'",https://play-images-prod-ctf.tech.tvnz.co.nz/api/v1/web/image/6QAkrGwE8JsZ6VT8hsBcUh/6b23c26e21db6ab2e0c8ca413e6fb543/Lifetime_Whitney_coverimg.png.6b23c26e21db6ab2e0c8ca413e6fb543.jpg?width=1600&height=457,No duration found,No upload date found,No episode warnings found,No content rating found
The Last Diamond,"A convicted thief on parole is lured back into his old ways, in a plot to steal a famous, priceless diamond. French with English subtitles.",Show description or single item,"'Movies', 'Foreign Language', 'Action-Packed', 'Suspenseful', 'Lavish'",https://play-images-prod-ctf.tech.tvnz.co.nz/api/v1/web/image/1cBoVmR8FqKBQ0PhytWEh8/19344e34cd2ecb675fdd2f12c8b09a8c/Filmstream_The_Last_Diamond_coverimg.png.19344e34cd2ecb675fdd2f12c8b09a8c.jpg?width=1600&height=457,No duration found,No upload date found,No episode warnings found,No content rating found
My Wedding and Other Secrets,"When Emily Chu falls in love with and secretly marries a European guy, she faces disownment from her traditional Hong Kong-born parents in this funny and heartfelt Kiwi rom-com.",Show description or single item,"'Movies', 'Comedy', 'Local', 'Romantic', 'All the Feels', 'Crack-Up'",https://play-images-prod-ctf.tech.tvnz.co.nz/api/v1/web/image/48Ba5FgAnrPI8BZN3SkFHQ/7ec22f25797a5e18c19f90f9c9c29aad/My-Wedding-and-Other-Secrets_coverimg.png.7ec22f25797a5e18c19f90f9c9c29aad.jpg?width=1600&height=457,No duration found,No upload date found,No episode warnings found,No content rating found
P.S. I Love You,"Gerry is kept alive in the heart of his widowed wife, Holly, when she discovers he's left her a series of messages. Starring Hilary Swank and Gerard Butler.",Show description or single item,"'Movies', 'Romantic', 'All the Feels'",https://play-images-prod-ctf.tech.tvnz.co.nz/api/v1/web/image/3zzA0rZt3FpSrnQVbFjz5s/1e9827f57c946f717a76acdf1b99580c/PS-I-Love-You_coverimg.png.1e9827f57c946f717a76acdf1b99580c.jpg?width=1600&height=457,No duration found,No upload date found,No episode warnings found,No content rating found
Secrets of Eden,John Stamos stars as a small-town pastor who becomes the prime suspect in a murder case in the drama based on the novel by New York Times best-selling author Chris Bohjalian.,Show description or single item,"'Drama', 'Movies', 'Mysterious', 'Provocative'",https://play-images-prod-ctf.tech.tvnz.co.nz/api/v1/web/image/4A6NbzFu5DeRlRwUls4KEG/a0dc9ea6d9edfdaf7f40e321e17b2149/Lifetime_SecretsofEden_coverimg_v2.png.a0dc9ea6d9edfdaf7f40e321e17b2149.jpg?width=1600&height=457,No duration found,No upload date found,No episode warnings found,No content rating found
Trapped: The Alex Cooper Story,"Based on the real life of Alex Cooper, whose parents sent her to a conversion therapy home when she was 15 after she revealed she was gay. This is the story of how she orchestrated her escape and made legal history.",Show description or single item,"'Movies', 'Drama', 'Thought-Provoking', 'Revealing'",https://play-images-prod-ctf.tech.tvnz.co.nz/api/v1/web/image/44PpM6asGgJa9Eyoldu6RE/101e8474e43e513f09e41159beb1628e/Trapped_TheAlexCooperStory_coverimg.png.101e8474e43e513f09e41159beb1628e.jpg?width=1600&height=457,No duration found,No upload date found,WARNING: Deals with the issue of suicide.,No content rating found
One Last Deal,An elderly art dealer investigates the history behind an unsigned painting that promises to bring his suffering career to a successful end. Finnish with English subtitles.,Show description or single item,"'Drama', 'Foreign Language', 'Movies', 'All the Feels', 'Lavish'",https://play-images-prod-ctf.tech.tvnz.co.nz/api/v1/web/image/3HOWxwoHzl1gZsyGeZ0WlN/f6f8e3f098dcc817579ae737091548b6/OneLastDeal_coverimg.png.f6f8e3f098dcc817579ae737091548b6.jpg?width=1600&height=457,No duration found,No upload date found,No episode warnings found,No content rating found
I Am Somebody's Child: The Regina Louise Story,"The real-life story of Regina Louise, an African American girl who navigated more than 30 foster homes and psychiatric facilities before age 18, and Jeanne, the one woman who believed in her. Starring Ginnifer Goodwin.",Show description or single item,"'Drama', 'Movies'",https://play-images-prod-ctf.tech.tvnz.co.nz/api/v1/web/image/2OH32v0H7QnTxCZE7P2UTL/2ea7179d585da88fea239c22d0aa30d6/Lifetime_IAmSomebodysChildTheReginaLouiseStory_coverimgv3.png.2ea7179d585da88fea239c22d0aa30d6.jpg?width=1600&height=457,No duration found,No upload date found,No episode warnings found,No content rating found
Ring of Fire,"Jewel stars as country legend June Carter Cash in this drama about her life, from her beginnings in the rural mountains of Virginia to her turbulent but enduring marriage to Johnny Cash.",Show description or single item,"'Drama', 'Movies', 'Revealing', 'All the Feels', 'Epic'",https://play-images-prod-ctf.tech.tvnz.co.nz/api/v1/web/image/14DHh8ZToPmn2jHUUIio8L/5b37ebee7da0172bcd477ba39b6c0f75/RingOfFire_coverimg.png.5b37ebee7da0172bcd477ba39b6c0f75.jpg?width=1600&height=457,No duration found,No upload date found,No episode warnings found,No content rating found
Divergent,"Based on the bestselling book series, an outcast must face her destiny within a dystopian world divided into factions. Starring Shailene Woodley.",Show description or single item,"'Movies', 'Epic', 'Otherworldly'",https://play-images-prod-ctf.tech.tvnz.co.nz/api/v1/web/image/4h6zPH3VPJBTiu558eDxBR/0631c6f4385afffa649399fb07075ee1/Divergent_coverimg.png.0631c6f4385afffa649399fb07075ee1.jpg?width=1600&height=457,No duration found,No upload date found,No episode warnings found,No content rating found
Mr Stein Goes Online,"Pierre, a 75-year-old widower, discovers online dating websites but uses a picture of his granddaughter's boyfriend Alex as his profile picture. When a young woman asks to meet, he sends Alex in his place. French with English subtitles.",Show description or single item,"'Comedy', 'Foreign Language', 'Movies', 'Witty', 'Romantic', 'Quirky'",https://play-images-prod-ctf.tech.tvnz.co.nz/api/v1/web/image/3xzE4c2JQxIlUaRxJsxFiy/39a36fc0bbd12a8a397fbba2830ce6c9/FilmStream_MrSteinGoesOnline_coverimg.png.39a36fc0bbd12a8a397fbba2830ce6c9.jpg?width=1600&height=457,No duration found,No upload date found,No episode warnings found,No content rating found
Poppy,"The heartfelt, celebrated story of a spirited young woman, determined to follow her dreams despite her disability. Made with the support of NZ On Air.",Show description or single item,"'Movies', 'Local', 'Cheeky', 'Kiwi As', 'All the Feels'",https://play-images-prod-ctf.tech.tvnz.co.nz/api/v1/web/image/13AnPjuA3CNf1xlQPrtTXi/439cdea060356d3738236b3ba16ec621/Poppy_coverimg.png.439cdea060356d3738236b3ba16ec621.jpg?width=1600&height=457,No duration found,No upload date found,No episode warnings found,No content rating found
Catching the Black Widow,The explosive true story of a cold-hearted murderer brought to justice by her sister-in-law. Made with the support of NZ On Air.,Show description or single item,"'Drama', 'Movies', 'Local'",https://play-images-prod-ctf.tech.tvnz.co.nz/api/v1/web/image/4TmLqImetSuqZ40k6qefI4/5c329a692a88a513bf9524d548209512/catchingtheblackwidow_coverimg.png.5c329a692a88a513bf9524d548209512.jpg?width=1600&height=457,No duration found,No upload date found,No episode warnings found,No content rating found
Toni Braxton: Unbreak My Heart,"The life story of singer/songwriter and producer, Toni Braxton, from her discovery by mega producers L.A. Reid and Kenneth “Babyface” Edmonds, to her battle with Lupus and her very public divorce.",Show description or single item,"'Movies', 'Drama', 'Revealing', 'All the Feels'",https://play-images-prod-ctf.tech.tvnz.co.nz/api/v1/web/image/6SKVebUgYMgqoEFRNYJzpg/813f0d8e11188fa223698b6dff8618d9/Lifetime_ToniBraxtonUnbreakMyHeart_coverimg.png.813f0d8e11188fa223698b6dff8618d9.jpg?width=1600&height=457,No duration found,No upload date found,No episode warnings found,No content rating found
Born To Dance,"Tu Kaea has the chance to audition for K-Crew, the best hip-hop crew in the country, but he has to go behind the backs of his home crew and his best friend Benjy. Starring Stan Walker, Tia-Taharoa Maipi and Parris Goebel.",Show description or single item,"'Movies', 'Drama', 'Local'",https://play-images-prod-ctf.tech.tvnz.co.nz/api/v1/web/image/62MiorHcqjQqQAc07hp5Bo/145268dbf52934a7135bcaeba1bd333c/born_to_dance_coverimg.jpg.145268dbf52934a7135bcaeba1bd333c.jpg?width=1600&height=457,No duration found,No upload date found,No episode warnings found,No content rating found
Kalo Pothi,"In a war-torn Nepalese village, Prakash and Kiran, two boys from different castes, bond over their affection for a hen whose eggs they hope to sell to help support Prakash's family. Nepali with English subtitles.",Show description or single item,"'Movies', 'Foreign Language', 'Drama', 'Revealing', 'Thought-Provoking'",https://play-images-prod-ctf.tech.tvnz.co.nz/api/v1/web/image/6l5sNIeZO1V44vZCH6Kf7O/48b97edc6391d5dc69d7cbf82ef9134b/Filmstream_KaloPothi_coverimg.png.48b97edc6391d5dc69d7cbf82ef9134b.jpg?width=1600&height=457,No duration found,No upload date found,No episode warnings found,No content rating found
Before We Vanish,"Three aliens with superior technology, skill and strength arrive and take possession of human bodies, threatening to destroy Earth's population. Japanese with English subtitles.",Show description or single item,"'Movies', 'Drama', 'Foreign Language', 'Mysterious', 'Escapist'",https://play-images-prod-ctf.tech.tvnz.co.nz/api/v1/web/image/6kAPpAMnD0Mjc32zdvG9wl/71c6b169c3e0a58d3d904616b9fb4a83/Filmstream_Before_We_Vanish_coverimg.png.71c6b169c3e0a58d3d904616b9fb4a83.jpg?width=1600&height=457,No duration found,No upload date found,No episode warnings found,No content rating found
Lady Chatterley's Lover,"After her husband is injured fighting in World War I, a beautiful young aristocrat embarks on a forbidden affair with a servant. Based on the novel by D. H. Lawrence.",Show description or single item,"'Movies', 'British Drama', 'All the Feels', 'Lavish', 'Romantic'",https://play-images-prod-ctf.tech.tvnz.co.nz/api/v1/web/image/7g7IenHeA7ElPmnz1IHTWz/9d5054e77f9b9e697f57e23cba7d27cb/lady-chatterlys-lover-alt-cover.png.9d5054e77f9b9e697f57e23cba7d27cb.jpg?width=1600&height=457,No duration found,No upload date found,No episode warnings found,No content rating found
VF48 Hours Film Festival 2021,"NZ's largest guerilla filmmaking competition is back for its 19th year, showcasing some of our best amateur films, all shot within one weekend.",Show description or single item,"'Local', 'Movies', 'Kiwi As'",https://play-images-prod-ctf.tech.tvnz.co.nz/api/v1/web/image/7fXsN1wkWPHz2dgvYEIxR0/8c0676c7138312c320fb2d098ae28fe7/vf48-2021-showcover.png.8c0676c7138312c320fb2d098ae28fe7.jpg?width=1600&height=457,No duration found,No upload date found,No episode warnings found,No content rating found
Clash,A number of detainees from different political and social backgrounds are brought together in the back of a police truck during the turmoil that followed the ousting of Egyptian President Mohamed Morsi in 2013. Arabic with English subtitles.,Show description or single item,"'Drama', 'Foreign Language', 'Movies', 'Psychological', 'Thought-Provoking'",https://play-images-prod-ctf.tech.tvnz.co.nz/api/v1/web/image/6TdwmUslsGhZY9xcUhQje7/26f2ffc427462682d5d12ab6b72a1421/FilmStream_Clash_coverimg.png.26f2ffc427462682d5d12ab6b72a1421.jpg?width=1600&height=457,No duration found,No upload date found,No episode warnings found,No content rating found
Fallen Hearts,"Based on the third novel in V.C. Andrews' Casteel family series. After her wedding, Heaven is lured to live amongst the Tatterton family's wealth and privilege. But the ghosts of her past rise up once more, threatening her new life with scandal.",Show description or single item,"'Drama', 'Movies', 'All the Feels', 'Mysterious', 'Dark'",https://play-images-prod-ctf.tech.tvnz.co.nz/api/v1/web/image/yAAtRaOTbtaBoMqzSvYfz/263a2ae75ad42676c6722b15a610f23b/Lifetime_VC_Andrews_Fallen_Hearts_coverimg_v1.png.263a2ae75ad42676c6722b15a610f23b.jpg?width=1600&height=457,No duration found,No upload date found,No episode warnings found,No content rating found
Splinters,"Explore the intersections of sexual identity, family, and small-town life, in this heartfelt drama about a young woman reassessing her relationship with her mother following the death of her father.",Show description or single item,"'Drama', 'Movies', 'All the Feels', 'Comforting', 'Warm & Fuzzy'",https://play-images-prod-ctf.tech.tvnz.co.nz/api/v1/web/image/3E3u6Y9PWJVg6GYRwQC3UX/bb08506f54d70883c941aebc732f7371/Splinters_amazon_hero.png.bb08506f54d70883c941aebc732f7371.jpg?width=1600&height=457,No duration found,No upload date found,No episode warnings found,No content rating found
Jim Henson's Turkey Hollow,"A family visit their aunt (Mary Steenburgen) in the quaint town of Turkey Hollow, but are quickly drawn into tracking down an elusive monster the locals dismiss as a legend. Narrated by Ludacris.",Show description or single item,"'Movies', 'Comedy', 'Charming', 'Escapist', 'Feel-Good'",https://play-images-prod-ctf.tech.tvnz.co.nz/api/v1/web/image/1k2DfEzEmwxzuq1my5B1aw/04f0258613e7b932b9399ed01c6d78de/Jim-Henson-s-Turkey-Hollow_coverimgv2.png.04f0258613e7b932b9399ed01c6d78de.jpg?width=1600&height=457,No duration found,No upload date found,No episode warnings found,No content rating found
Harry & Meghan: Becoming Royal,Continue the love story of newlyweds Prince Harry and Meghan Markle in this dramatisation of their pivotal first year of marriage as they try to find the balance between honouring Royal tradition and staying true to their beliefs.,Show description or single item,"'Movies', 'Drama'",https://play-images-prod-ctf.tech.tvnz.co.nz/api/v1/web/image/31DJdsFgSIX1j4fcuRHFZP/12c4cfac0a0f06fa33c21537dfc094ec/Lifetime_HarryMeghanBecomingRoyal_coverimg.png.12c4cfac0a0f06fa33c21537dfc094ec.jpg?width=1600&height=457,No duration found,No upload date found,No episode warnings found,No content rating found
The Tender Trap,"The true story of Sharon Armstrong, Kiwi grandmother and public servant, who became the victim of an online romance scam that almost cost her her freedom. Starring Rima Te Wiata. Made with the support of NZ On Air.",Show description or single item,"'Movies', 'Drama', 'Local'",https://play-images-prod-ctf.tech.tvnz.co.nz/api/v1/web/image/3IFAgMEkQzRed83HuZ7UzA/18ca67ea304ddd6607679ebfef853270/TheTenderTrap_coverimg.png.18ca67ea304ddd6607679ebfef853270.jpg?width=1600&height=457,No duration found,No upload date found,No episode warnings found,No content rating found
A Murder to Remember,"Javier and Robin celebrate their one-year anniversary on a camping trip. But when Javier ends up dead, Robin finds herself alone in the wilderness, forced to place her life in the hands of a mysterious stranger. Based on Ann Rule's true crime collection Empty Promises.",Show description or single item,"'Drama', 'Movies', 'Mysterious', 'Suspenseful', 'Psychological'",https://play-images-prod-ctf.tech.tvnz.co.nz/api/v1/web/image/2qb6SGTQe06wYgRfQTEs4m/c1d8d1a4edd3f564d5dd8a87a00cce1f/Lifetime_AMurderToRemember_coverimg.png.c1d8d1a4edd3f564d5dd8a87a00cce1f.jpg?width=1600&height=457,No duration found,No upload date found,WARNING: Deals with the issue of rape.,No content rating found
Happy End,"A well-to-do French family living in Calais deals with a series of setbacks and crises, while ignoring the grim conditions of the refugee camps near their home. French with English subtitles.",Show description or single item,"'Movies', 'Foreign Language', 'Drama', 'Irreverent', 'Dark', 'Quirky'",https://play-images-prod-ctf.tech.tvnz.co.nz/api/v1/web/image/349zNz6CILkMZXEeCWLsNX/8487857a45263f7468da8a9eed82d8e5/Filmstream_HappyEnd_coverimg.png.8487857a45263f7468da8a9eed82d8e5.jpg?width=1600&height=457,No duration found,No upload date found,WARNING: Deals with the issue of suicide.,No content rating found
In Dark Places,"The gripping true story of Teina Pora, an innocent man imprisoned for two decades for a crime he did not commit and an ex-cop's heroic battle to win him his freedom. Made with the support of NZ On Air.",Show description or single item,"'Local', 'Movies', 'Drama'",https://play-images-prod-ctf.tech.tvnz.co.nz/api/v1/web/image/5pyYS2x2sbWqDKfSHFMaRZ/74089d2be92b4eb8ba7023e67e18c0ee/In_Dark_Places_coverimg.png.74089d2be92b4eb8ba7023e67e18c0ee.jpg?width=1600&height=457,No duration found,No upload date found,No episode warnings found,No content rating found
The Divine Order,"In 1971, a young housewife organises the women of her small Swiss town to petition for the right to vote. Swiss German with English subtitles.",Show description or single item,"'Comedy', 'Drama', 'Foreign Language', 'Movies', 'All the Feels', 'Quirky', 'Witty'",https://play-images-prod-ctf.tech.tvnz.co.nz/api/v1/web/image/3qfk58UkBx41W0YCBRqqAJ/bd12857e0781c4fbff26386f86f49106/FilmStream_TheDivineOrder_coverimg.png.bd12857e0781c4fbff26386f86f49106.jpg?width=1600&height=457,No duration found,No upload date found,No episode warnings found,No content rating found
The Queen,"Helen Mirren stars as Queen Elizabeth II, navigating the shocking and unforeseen period following Princess Diana's death.",Show description or single item,"'Movies', 'Epic', 'Lavish', 'Thought-Provoking'",https://play-images-prod-ctf.tech.tvnz.co.nz/api/v1/web/image/117dkQkb1oBKmR3fUIsCJA/b350a7ac8715b2bd86d115520687f8b8/The_Queen_coverimg_v2.png.b350a7ac8715b2bd86d115520687f8b8.jpg?width=1600&height=457,No duration found,No upload date found,No episode warnings found,No content rating found
A Sister's Nightmare,"Sibling rivalry returns to torment Jane, a young police officer, after her older sister Cass is released from the hospital for the criminally insane. Starring Natasha Henstridge.",Show description or single item,"'Drama', 'Movies', 'Dark', 'Mysterious', 'Suspenseful'",https://play-images-prod-ctf.tech.tvnz.co.nz/api/v1/web/image/1OIDXEJ6E9kVHhAce15PUz/721fcb9e927f58a3fe59ae75e5fbd4ec/Lifetime_ASistersNightmare_coverimg.jpg.721fcb9e927f58a3fe59ae75e5fbd4ec.jpg?width=1600&height=457,No duration found,No upload date found,No episode warnings found,No content rating found
Supernova,"Fifteen-year-old Meis lives in the back of beyond with her family, in a house that cars often crash into. Despite her grand aspirations she's going nowhere; waiting for the next car to crash into the house. Dutch with English subtitles.",Show description or single item,"'Movies', 'Foreign Language', 'Drama', 'Quirky', 'Romantic', 'All the Feels'",https://play-images-prod-ctf.tech.tvnz.co.nz/api/v1/web/image/7ksS6JX8nn4CPyjD5Txr1s/4a6e95691f4d8763484020246122c0d1/Filmstream_Supernova_coverimg.png.4a6e95691f4d8763484020246122c0d1.jpg?width=1600&height=457,No duration found,No upload date found,No episode warnings found,No content rating found
Return to Zero,"Based on a true story, a couple mourning the loss of their stillborn child discover that they are pregnant again and must come together to face a turbulent and terrifying pregnancy. Starring Minnie Driver.",Show description or single item,"'Movies', 'Drama', 'All the Feels', 'Revealing'",https://play-images-prod-ctf.tech.tvnz.co.nz/api/v1/web/image/UpgTQ78cwd4Pz7gqUqKOI/f40e9aad87401b37ec9fd3ca3c6bae88/Lifetime_ReturntoZero_coverimg.png.f40e9aad87401b37ec9fd3ca3c6bae88.jpg?width=1600&height=457,No duration found,No upload date found,WARNING: Contains scenes that may disturb.,No content rating found
Insurgent,"In the Divergent sequel, Beatrice continues the fight against the forces that threaten society, while also confronting her own inner demons. Starring Shailene Woodley.",Show description or single item,"'Movies', 'Epic', 'Action-Packed', 'Otherworldly'",https://play-images-prod-ctf.tech.tvnz.co.nz/api/v1/web/image/3kbPJseTPjMl9rJBh3kqfR/ee4fad992806d5d7fb651247e21eaa1e/Insurgent_coverimg.png.ee4fad992806d5d7fb651247e21eaa1e.jpg?width=1600&height=457,No duration found,No upload date found,No episode warnings found,No content rating found
Victoria Gotti: My Father's Daughter,"Based on her real life story, go deep into the world of Victoria Gotti as she grew up as the daughter of mob boss John Gotti and all the glamour, glitz and unique hardships that went with it.",Show description or single item,"'Drama', 'Movies', 'All the Feels', 'Bold', 'Revealing'",https://play-images-prod-ctf.tech.tvnz.co.nz/api/v1/web/image/5ZicFevSl0iTZ4BoSakGN7/9d285cea91dbb4106b6498336cf25557/Lifetime_VictoriaGottiMyFathersDaughter_coverimg.png.9d285cea91dbb4106b6498336cf25557.jpg?width=1600&height=457,No duration found,No upload date found,No episode warnings found,No content rating found
A Gang Story,"Based on the true story of Edmond Vidal and Serge Suttel who formed the notorious Gang des Lyonnais in the 1970s. Now in his 60s, Edmond has left crime behind to focus on family, until Serge comes back into the picture. French with English subtitles.",Show description or single item,"'Drama', 'Foreign Language', 'Movies', 'Epic', 'Thrilling', 'Action-Packed'",https://play-images-prod-ctf.tech.tvnz.co.nz/api/v1/web/image/6WqFEmsJePW46yFMatqVJH/1d9f83a2ad13e3a4eeb870abaa4cba10/Filmstream_AGangStory_coverimg.png.1d9f83a2ad13e3a4eeb870abaa4cba10.jpg?width=1600&height=457,No duration found,No upload date found,No episode warnings found,No content rating found
Perfect High,"A star high-school dancer starts using prescription painkillers after an injury sidelines her. Feeling isolated, she is adopted by a popular group and their pill-sharing and 'pharm' parties lead to a life-altering addiction. Inspired by a true story.",Show description or single item,"'Drama', 'Movies', 'Thrilling', 'Revealing', 'Provocative'",https://play-images-prod-ctf.tech.tvnz.co.nz/api/v1/web/image/2Q4zY6k2rYCrqMkbNbRubw/c61d3660adcfe62f7f2e374a298f2b17/Lifetime_PerfectHigh_coverimg.png.c61d3660adcfe62f7f2e374a298f2b17.jpg?width=1600&height=457,No duration found,No upload date found,No episode warnings found,No content rating found
A Very Merry Toy Store,"Connie (Melissa Joan Hart), a young single mum, and Will each run rival small town toy stores, when the big chain toy store has its grand opening right before Christmas. Can they save their businesses, and maybe find love in the process?",Show description or single item,"'Movies', 'Comedy', 'Comforting', 'Romantic', 'All the Feels'",https://play-images-prod-ctf.tech.tvnz.co.nz/api/v1/web/image/76HwmZDQ1vvdYzyK8Ellbe/842bda3762608acf2aea965f47fa29ea/Lifetime_A_Very_Merry_Toy_Store_coverimg.png.842bda3762608acf2aea965f47fa29ea.jpg?width=1600&height=457,No duration found,No upload date found,No episode warnings found,No content rating found
The Evil Twin,Emily escapes from an abusive relationship by moving back to her hometown only to discover she has a long-lost twin. But her newfound sister might be a murderer.,Show description or single item,"'Drama', 'Movies', 'Thrilling', 'Mysterious'",https://play-images-prod-ctf.tech.tvnz.co.nz/api/v1/web/image/4r9HKromny1mQOUiEZuLXE/e4af0dd5712129223163fbe6d18055ff/TheEvilTwin_coverimg_v2.png.e4af0dd5712129223163fbe6d18055ff.jpg?width=1600&height=457,No duration found,No upload date found,No episode warnings found,No content rating found
Kidnapped: The Hannah Anderson Story,"After a teenager is rescued from the man who abducted her and held her prisoner, questions emerge about the nature of their relationship, in this chilling film based on a true story.",Show description or single item,"'Movies', 'Drama', 'Dark', 'Suspenseful', 'Investigative'",https://play-images-prod-ctf.tech.tvnz.co.nz/api/v1/web/image/5PowQWBpmNAyXoYZ27anxk/9f11e96b73da44619c394b4a1efd4fff/Kidnapped-the-Hannah-Anderson-Story_coverimgv2.1.png.9f11e96b73da44619c394b4a1efd4fff.jpg?width=1600&height=457,No duration found,No upload date found,No episode warnings found,No content rating found
Stockholm Pennsylvania,Golden Globe winner Saoirse Ronan stars as a young woman who was kidnapped as a child and her strained relationship with her mother (Emmy winner Cynthia Nixon) as she readjusts when she is returned home.,Show description or single item,"'Movies', 'Drama', 'All the Feels', 'Dark', 'Psychological'",https://play-images-prod-ctf.tech.tvnz.co.nz/api/v1/web/image/2VSyu7OGcJ5a54D4iwdzfw/a29c8778d7167be9093b6615cdd741cd/stockholm_penn_cynthia.png.a29c8778d7167be9093b6615cdd741cd.jpg?width=1600&height=457,No duration found,No upload date found,No episode warnings found,No content rating found
Mistress Mercy,This docu-drama dives beneath the sensational headlines to unravel the truth about a murder case that rocked New Zealand and catapulted teenage dominatrix Renee Chignell and cricket umpire Peter Plumley Walker into the national consciousness. Made with the support of NZ On Air.,Show description or single item,"'Local', 'Movies', 'Drama'",https://play-images-prod-ctf.tech.tvnz.co.nz/api/v1/web/image/7IadcIDjsxMymZCQdXX4Oi/05c896dd2cca7e52aff5ec71dd92fe89/MistressMercy_showcover.png.05c896dd2cca7e52aff5ec71dd92fe89.jpg?width=1600&height=457,No duration found,No upload date found,No episode warnings found,No content rating found
Battlestar Galactica: The Plan,"Set during the events of the Battlestar Galactica series but from the Cylons' perspective, two versions of the powerful Cylon known as Cavil set out to destroy the human survivors of the attack against the Twelve Colonies.",Show description or single item,"'Movies', 'Epic', 'Action-Packed'",https://play-images-prod-ctf.tech.tvnz.co.nz/api/v1/web/image/6CswnjsAxoIvL9sly2QheB/2a13ecb0985bdc4df1069c94e9f830de/BattlestarGalacticaThePlan_cover.png.2a13ecb0985bdc4df1069c94e9f830de.jpg?width=1600&height=457,No duration found,No upload date found,No episode warnings found,No content rating found
Web of Dreams,"Based on the fifth novel in V.C. Andrews' Casteel family series. The family mystery is unlocked in the final instalment, following Heaven's mother Leigh as she escapes Farthinggale Manor and falls into the arms of Luke Casteel Senior.",Show description or single item,"'Drama', 'Movies', 'All the Feels', 'Mysterious', 'Dark'",https://play-images-prod-ctf.tech.tvnz.co.nz/api/v1/web/image/42rTTpwhOkA8B2gDW9VNb6/0bdd0789370b144c96bed4a17306daf9/Lifetime_VC_Andrews_Web_of_Dreams_coverimg.png.0bdd0789370b144c96bed4a17306daf9.jpg?width=1600&height=457,No duration found,No upload date found,WARNING: Deals with the issue of rape.,No content rating found
If There Be Thorns,"In the third installment of the Dollanganger Series, siblings Christopher and Cathy are playing happy families when a ghost from their past arrives in their neighbourhood.",Show description or single item,"'Movies', 'Drama'",https://play-images-prod-ctf.tech.tvnz.co.nz/api/v1/web/image/2guHQgdt4G6MRsUiWziGpd/f41b6bf64ca5b1ced8192db2969dd8a5/Lifetime_IfThereBeThorns_coverimg__1_.png.f41b6bf64ca5b1ced8192db2969dd8a5.jpg?width=1600&height=457,No duration found,No upload date found,No episode warnings found,No content rating found
Manson's Lost Girls,"The psychedelic summer of ’69 comes to life in this dramatic glimpse into the bizarre world of Charles Manson, as told through the stories the young women who fell under his demonic spell.",Show description or single item,"'Drama', 'Movies', 'Dark', 'Thrilling', 'Psychological'",https://play-images-prod-ctf.tech.tvnz.co.nz/api/v1/web/image/1vUZbAL3x6wKViegVD4qpO/5055d2352560ce79626beeae494e7ccd/Lifetime_MansonsLostGirls_coverimg.png.5055d2352560ce79626beeae494e7ccd.jpg?width=1600&height=457,No duration found,No upload date found,No episode warnings found,No content rating found
The Dance Exponents – Why Does Love?,"The Dance Exponents – Why Does Love? tells the story of the rise and fall and rise of one of New Zealand’s most loved and iconic bands, The Exponents. Made with the support of NZ On Air.",Show description or single item,"'Drama', 'Movies', 'Local'",https://play-images-prod-ctf.tech.tvnz.co.nz/api/v1/web/image/2bnRh5dxXGxTSliJcm2kyL/ef3cd309b73de63894e940ca53306a38/WhyDoesLove_coverimg.png.ef3cd309b73de63894e940ca53306a38.jpg?width=1600&height=457,No duration found,No upload date found,No episode warnings found,No content rating found
He Loves Me,"Heather Locklear stars as Laura, a woman who is devastated when she discovers her husband is cheating on her, despite having a torrid affair of her own. While she desperately tries to save her marriage, Laura becomes increasingly paranoid and delusional.",Show description or single item,"'Drama', 'Movies', 'Thrilling', 'Romantic'",https://play-images-prod-ctf.tech.tvnz.co.nz/api/v1/web/image/6k9bz2Wyq7VV4PGZ0J6A5G/9a4f204e8b5e14b3b3eacc79ccdcef4f/Lifetime_HeLovesMe_coverimg.png.9a4f204e8b5e14b3b3eacc79ccdcef4f.jpg?width=1600&height=457,No duration found,No upload date found,No episode warnings found,No content rating found
Katy,"11 year old Katy is a funny, energetic, daredevil oldest sister in a big, blended family. Her life changes in dramatic ways when she suffers an injury and is unable to walk again.",Show description or single item,"'Movies', 'Kids'",https://play-images-prod-ctf.tech.tvnz.co.nz/api/v1/web/image/5ruyslm5ktAqFYcdKglD7r/35c69982e7954befb574d3fa830faf40/Katy_coverimg.png.35c69982e7954befb574d3fa830faf40.jpg?width=1600&height=457,No duration found,No upload date found,No episode warnings found,No content rating found
Last Chance for Christmas,"When an injury puts the reindeer Prancer out of action, Santa's stableman finds himself falling in love with the animal's owner. Starring Hilarie Burton.",Show description or single item,"'Comedy', 'Movies', 'All the Feels', 'Comforting', 'Warm & Fuzzy'",https://play-images-prod-ctf.tech.tvnz.co.nz/api/v1/web/image/y0tiC9xqLTpbqFMBxDRG5/874a618a23dd9f25a733e15a34d16cc5/Lifetime_Last_Chance_For_Christmas_coverimg.png.874a618a23dd9f25a733e15a34d16cc5.jpg?width=1600&height=457,No duration found,No upload date found,No episode warnings found,No content rating found
The C Word,"An adaptation of Lisa Lynch's candid book about her experience with breast cancer, this drama is a defiant, ballsy and surprisingly funny story of life, love and cancer.",Show description or single item,"'Movies', 'British Drama', 'Bold', 'All the Feels', 'Revealing'",https://play-images-prod-ctf.tech.tvnz.co.nz/api/v1/web/image/377PvLgNwLNBlwaxoQOnGG/de9a93d2705eb000233db28a37d79a6b/The-C-Word_coverimg.png.de9a93d2705eb000233db28a37d79a6b.jpg?width=1600&height=457,No duration found,No upload date found,No episode warnings found,No content rating found
The Guilty,A suspended police officer assigned to dispatch duty in an emergency call centre enters a race against time when he answers a call from a kidnapped woman. Danish with English subtitles.,Show description or single item,"'Drama', 'Foreign Language', 'Movies', 'Thrilling', 'Mysterious', 'Suspenseful'",https://play-images-prod-ctf.tech.tvnz.co.nz/api/v1/web/image/4LZ205cclGPnBSiPR5UW0M/7cc162593566e73469f3ccdb2a7ddc3b/FilmStream_TheGuilty_coverimg.png.7cc162593566e73469f3ccdb2a7ddc3b.jpg?width=1600&height=457,No duration found,No upload date found,No episode warnings found,No content rating found
A House on Fire,Debora Green is a brilliant doctor with a genius IQ who appears to be living the American dream. But behind the curtain are a rocky marriage and a drug and alcohol problem that lead to tragedy. Based on the best-selling true crime novel by Ann Rule.,Show description or single item,"'Drama', 'Movies', 'Thrilling', 'Psychological', 'Revealing'",https://play-images-prod-ctf.tech.tvnz.co.nz/api/v1/web/image/6h7BzzT2IH5Qkd91DSaHql/e2f695ab9828d83339108e62c511b46c/AHouseOnFire_Showcoverimg.png.e2f695ab9828d83339108e62c511b46c.jpg?width=1600&height=457,No duration found,No upload date found,No episode warnings found,No content rating found
Thale,"Crime-scene cleaners Leo and Elvis are working deep in the Norwegian woods when they discover a secret passage where they encounter Thale, a beautiful young woman who sings, but does not speak. Norwegian with English subtitles.",Show description or single item,"'Drama', 'Foreign Language', 'Movies', 'Mysterious', 'Thrilling'",https://play-images-prod-ctf.tech.tvnz.co.nz/api/v1/web/image/5SInOaOnxuiQLQftkktOFC/2eae27886c0b5935f50461113369c7d9/Filmstream_Thale_coverimg.png.2eae27886c0b5935f50461113369c7d9.jpg?width=1600&height=457,No duration found,No upload date found,No episode warnings found,No content rating found
Story Of A Girl,"When an explicit sex video of a 13-year-old girl hits the internet, her life changes forever. From social stigma to the enduring rage of her father (Kevin Bacon), she longs to escape a life defined by her past.",Show description or single item,"'Drama', 'Movies', 'All the Feels', 'Provocative'",https://play-images-prod-ctf.tech.tvnz.co.nz/api/v1/web/image/1wMgLaNBhxtW04RQ9M56JC/7aabc29540e1f02125edab4195b8dbf5/Story-of-a-Girl_coverimg2.png.7aabc29540e1f02125edab4195b8dbf5.jpg?width=1600&height=457,No duration found,No upload date found,No episode warnings found,No content rating found
Seeds of Yesterday,"In the final installment of the Dollanganger Series, the Sheffield family come together for a reunion at the Foxworth estate. The cursed mansion is the source of many secrets and haunting memories for them all.",Show description or single item,"'Movies', 'Drama'",https://play-images-prod-ctf.tech.tvnz.co.nz/api/v1/web/image/6c4szEkRYEEXROosxfyGQW/4832fe9c17e7d4e1c5b6ed5b1ef2b568/Lifetime_SeedsofYesterday_coverimg.png.4832fe9c17e7d4e1c5b6ed5b1ef2b568.jpg?width=1600&height=457,No duration found,No upload date found,No episode warnings found,No content rating found
Boy,"Taika Waititi film set on NZ's East Coast in 1984. Boy loves three things, Michael Jackson, his pet goat and his absent criminal father. When his dad returns to find a bag of buried money, Boy and his little brother get to know him again.",Show description or single item,"'Movies', 'Comedy', 'Local'",https://play-images-prod-ctf.tech.tvnz.co.nz/api/v1/web/image/18W358gj0rtw1xO5mnJz4a/a0397f47e6a2b3fb034665b86da2dce9/Boyv2_coverimg.png.a0397f47e6a2b3fb034665b86da2dce9.jpg?width=1600&height=457,No duration found,No upload date found,No episode warnings found,No content rating found
Baby Sellers,"Inspired by true events, an immigration agent goes undercover to expose a shocking international criminal enterprise of infant trafficking led by a ruthless woman who runs an adoption agency. Starring Emmy-winner Kirstie Alley.",Show description or single item,"'Drama', 'Movies', 'Revealing', 'Provocative'",https://play-images-prod-ctf.tech.tvnz.co.nz/api/v1/web/image/7dxTHYeh37Bc3h8e76xVAO/c2f980fb3f23d740bf3f40d4b0778155/BabySellers_coverimg.png.c2f980fb3f23d740bf3f40d4b0778155.jpg?width=1600&height=457,No duration found,No upload date found,No episode warnings found,No content rating found
A War Story,"In 1997, Osama bin Laden declared war on the USA and Pulitzer Prize winning CNN correspondent Peter Arnett embarked on a mission to locate and interview him. A War Story follows the dramatic events leading up to the interview and the Kiwi journalist's horror on 9/11, as he recalled bin Laden's veiled threats. Funded by NZ On Air.",Show description or single item,"'Drama', 'Local', 'Movies'",https://play-images-prod-ctf.tech.tvnz.co.nz/api/v1/web/image/60VtpFTjfAk1bocaaIRjv6/58f8b6a234889f1bf573941069743525/awarstory_coverimg.png.58f8b6a234889f1bf573941069743525.jpg?width=1600&height=457,No duration found,No upload date found,No episode warnings found,No content rating found
Mariposa,"The flapping of a butterfly divides Romina and Germán's universe into two parallel realities: In the first one, Romina is raised as an adopted sister to Germán. In the other, they are friends who have a sexual relationship. Spanish with English subtitles.",Show description or single item,"'Movies', 'Foreign Language', 'Drama', 'Thought-Provoking', 'Romantic', 'All the Feels'",https://play-images-prod-ctf.tech.tvnz.co.nz/api/v1/web/image/dqji2xmNjWtRk3gb6VgYY/50fbfbb03b0408996bfc265afbc7831b/Filmstream_Mariposa_coverimg.png.50fbfbb03b0408996bfc265afbc7831b.jpg?width=1600&height=457,No duration found,No upload date found,No episode warnings found,No content rating found
Conan The Barbarian,"In an empire ruled by evil, a barbarian warrior swears vengeance on the warlord who murdered his family. Starring Jason Momoa.",Show description or single item,"'Movies', 'Epic', 'Action-Packed', 'Escapist'",https://play-images-prod-ctf.tech.tvnz.co.nz/api/v1/web/image/7szDwngfvpz58Mwl4RSHWD/80e8541a14be3e5abfdf8f191abee400/conan_cover_v2.png.80e8541a14be3e5abfdf8f191abee400.jpg?width=1600&height=457,No duration found,No upload date found,No episode warnings found,No content rating found
The 7.39,"In the romantic drama written by David Nicholls, two commuters begin talking after fighting for a seat on a train. Carl is happily-married, Sally's engaged, but after they meet their lives dramatically change course. Starring David Morrissey, Sheridan Smith, and Olivia Colman.",Show description or single item,"'British Drama', 'Movies', 'Romantic', 'All the Feels', 'Witty'",https://play-images-prod-ctf.tech.tvnz.co.nz/api/v1/web/image/2KCMm0qM5c04LZNhw171bD/a33e977b2c3ce859490f113862c5e36e/The739_coverimg_2-min.png.a33e977b2c3ce859490f113862c5e36e.jpg?width=1600&height=457,No duration found,No upload date found,No episode warnings found,No content rating found
Britney Ever After,"The tumultuous story of pop icon Britney Spears’ rise to fame, fall from grace and eventual triumphant resurrection, firmly securing her position as one of the world’s greatest entertainers.",Show description or single item,"'Movies', 'Drama'",https://play-images-prod-ctf.tech.tvnz.co.nz/api/v1/web/image/4Uy8yELvXxBsTG3G4kv9nz/e12369ef22c9c2799f6a6cd8a6942f4a/Lifetime_Brtiney_Ever_After_coverimg.png.e12369ef22c9c2799f6a6cd8a6942f4a.jpg?width=1600&height=457,No duration found,No upload date found,No episode warnings found,No content rating found
Gates of Paradise,"Based on the fourth novel in V.C. Andrews' Casteel family series. Annie is taken to Farthinggale Manor by the possessive Tony Tatterton. Pining for her family, Annie yearns to see her half-brother Luke again, but her hopes and dreams are darkened by the sinister Casteel spell.",Show description or single item,"'Drama', 'Movies', 'All the Feels', 'Mysterious', 'Dark'",https://play-images-prod-ctf.tech.tvnz.co.nz/api/v1/web/image/4k5IZT4at3qWwNMJzKafUx/6eead049fc02b9f03b2d5e4854282a38/Lifetime_VC_Andrews_GatesofParadise_coverimg_.png.6eead049fc02b9f03b2d5e4854282a38.jpg?width=1600&height=457,No duration found,No upload date found,No episode warnings found,No content rating found
Family Pictures,"Two women lead very similar lives - both their husbands travel for work and their daughters are about to leave the nest. But when their daughters meet, they discover a shocking secret that threatens to tear both families apart.",Show description or single item,"'Drama', 'Movies', 'All the Feels', 'Revealing', 'Mysterious'",https://play-images-prod-ctf.tech.tvnz.co.nz/api/v1/web/image/2DsqPl58PsEEtPDh3JrC5V/5ccb033c42c50b828828a4347bf775e7/Lifetime_FamilyPictures_coverimg.png.5ccb033c42c50b828828a4347bf775e7.jpg?width=1600&height=457,No duration found,No upload date found,No episode warnings found,No content rating found
Long Shot,A journalist reunites with his childhood crush who is now one of the most influential women in the world. Sparks fly when the unlikely pair start working together. Starring Seth Rogen and Charlize Theron.,Show description or single item,"'Movies', 'Comedy', 'Crack-Up', 'Romantic'",https://play-images-prod-ctf.tech.tvnz.co.nz/api/v1/web/image/2eP0gJKE3GHp8qTZthhAcW/af5596041d30ed7114edc875be18d820/Long_Shot_coverimg.png.af5596041d30ed7114edc875be18d820.jpg?width=1600&height=457,No duration found,No upload date found,No episode warnings found,No content rating found
Beaches,"An update to a classic tear-jerker, we witness the lifelong friendship between two women that sprung from a chance meeting on Venice Beach. Starring Idina Menzel and Nia Long.",Show description or single item,"'Movies', 'Drama', 'All the Feels', 'Nostalgic', 'Warm & Fuzzy'",https://play-images-prod-ctf.tech.tvnz.co.nz/api/v1/web/image/7I4eFx5d1jPtEDFOPjXzRz/485d958df45aef63a029f496a3d38746/Beaches_coverimg.png.485d958df45aef63a029f496a3d38746.jpg?width=1600&height=457,No duration found,No upload date found,No episode warnings found,No content rating found
Resolve,"Based on the true story of Chris Crean, who took a stand against gang violence in his community only to become a target himself. Made with the support of NZ On Air.",Show description or single item,"'Movies', 'Drama'",https://play-images-prod-ctf.tech.tvnz.co.nz/api/v1/web/image/4TuSORozoGjQO54krYwLyG/6ac0f067909afe868f098b2a68a1920f/resolve_coverimg.png.6ac0f067909afe868f098b2a68a1920f.jpg?width=1600&height=457,No duration found,No upload date found,No episode warnings found,No content rating found
Gone Mom: The Disappearance of Jennifer Dulos,"Based on the true story of Jennifer Dulos, a wealthy, mother-of-five who mysteriously vanished on May 24, 2019. After she disappeared, her husband claimed she staged her own disappearance like in the film Gone Girl.",Show description or single item,"'Movies', 'Drama', 'Mysterious', 'Thrilling', 'All the Feels'",https://play-images-prod-ctf.tech.tvnz.co.nz/api/v1/web/image/60h0wVe8q0NNKfjwRWiJRO/247fc73ca692b1802c7454ca110b7f4a/GoneMom_TheDisappearanceofJenniferDulos_coverimg.png.247fc73ca692b1802c7454ca110b7f4a.jpg?width=1600&height=457,No duration found,No upload date found,WARNING: Deals with the issue of suicide.,No content rating found
Homesick,"An ambitious cellist is invited to represent Germany at an international contest. As she begins to prepare for the competition, stress starts to take over her everyday life and soon reality and imagination blur. German with English subtitles.",Show description or single item,"'Drama', 'Foreign Language', 'Movies', 'Psychological', 'Thrilling'",https://play-images-prod-ctf.tech.tvnz.co.nz/api/v1/web/image/4mY8XbMZDuokXSRR35IsAm/d5b28f33a9159a7a818e82dfb4dad580/FilmStream_HomeSick_coverimg-min.png.d5b28f33a9159a7a818e82dfb4dad580.jpg?width=1600&height=457,No duration found,No upload date found,No episode warnings found,No content rating found
Good Manners,"Clara, a lonely nurse from the outskirts of São Paulo, is hired by the mysterious and wealthy Ana as the nanny for her unborn child. The two women develop a strong bond, but a fateful night changes their plans. Portuguese with English subtitles.",Show description or single item,"'Drama', 'Foreign Language', 'Movies', 'Mysterious', 'Scary', 'All the Feels'",https://play-images-prod-ctf.tech.tvnz.co.nz/api/v1/web/image/6Z9Xk9U8XtzKGvEoRbt3JA/ea0bf63758abd3dc2c6d2c0bb1604de3/Filmstream_GoodManners_coverimg.png.ea0bf63758abd3dc2c6d2c0bb1604de3.jpg?width=1600&height=457,No duration found,No upload date found,No episode warnings found,No content rating found
